"Name","T","WT","Oth. T.","Fed","Rtg","Rpd","Blz","B-Year","S","F"
"Banikas, Hristos","GM","","FT","GRE","2633","","","1978","M",""
"Banusz, Tamas","GM","","","HUN","2593","2559","2597","1989","M",""
"Baramidze, David","GM","","","GER","2614","","","1988","M",""
"Barbosa, Oliver","GM","","","PHI","2579","2604","2517","1986","M",""
"Barcenilla, Rogelio","GM","","","PHI","2475","","","1972","M",""
"Barczay, Laszlo","GM","","","HUN","2381","","","1936","M","i"
"Bareev, Evgeny","GM","","","RUS","2663","2664","2678","1966","M","i"
"Barlov, Dragan","GM","","","SRB","2436","","","1957","M",""
"Baron, Tal","GM","","","ISR","2487","2385","","1992","M",""
"Barrientos, Sergio E","GM","","","COL","2474","2453","2447","1986","M",""
"Barsov, Alexei","GM","","","UZB","2527","2520","2468","1966","M",""
"Bartel, Mateusz","GM","","","POL","2626","2619","2562","1985","M",""
"Barua, Dibyendu","GM","","","IND","2452","","","1966","M",""
"Barus, Cerdas","GM","","","INA","2392","","","1962","M",""
"Baryshpolets, Andrey","GM","","","UKR","2557","2513","2565","1991","M",""
"Batchuluun, Tsegmed","GM","","","MGL","2528","2508","2429","1987","M",""
"Batyrov, Sapar","GM","","","TKM","2409","","","1967","M","i"
"Bauer, Christian","GM","","","FRA","2626","2631","2670","1977","M",""
"Becerra Rivero, Julio","GM","","","USA","2547","","","1973","M",""
"Bedia, Melor","GM","","","RUS","2461","2414","2436","1979","M",""
"Beim, Valeri","GM","","","AUT","2502","","","1950","M","i"
"Beliavsky, Alexander G","GM","","FST","SLO","2651","2631","","1953","M",""
"Belikov, Vladimir","GM","","","RUS","2479","2469","","1971","M",""
"Belkhodja, Slim","GM","","","TUN","2443","2433","","1962","M",""
"Bellon Lopez, Juan Manuel","GM","","","ESP","2379","","","1950","M",""
"Belous, Vladimir","GM","","","RUS","2557","2589","2600","1993","M",""
"Belov, Vladimir","GM","","","RUS","2628","2575","2614","1984","M",""
"Belozerov, Andrei","GM","","","RUS","2497","2598","2540","1977","M",""
"Benidze, Davit","GM","","","GEO","2503","2476","2480","1991","M",""
"Benjamin, Joel","GM","","","USA","2545","","","1964","M",""
"Benko, Pal C","GM","","","USA","2408","","","1928","M","i"
"Berczes, David","GM","","","HUN","2522","","2519","1990","M",""
"Berdichevski, Igor","GM","","FT","RUS","2555","","","1964","M","i"
"Berelowitsch, Alexander","GM","","","GER","2542","2552","","1967","M",""
"Berescu, Alin-Mile","GM","","","ROU","2459","2483","2463","1980","M",""
"Berg, Emanuel","GM","","","SWE","2547","","","1981","M",""
"Berkes, Ferenc","GM","","","HUN","2674","","","1985","M",""
"Bernasek, Jan","GM","","","CZE","2545","2535","2480","1986","M",""
"Beshukov, Sergei","GM","","","RUS","2435","","","1971","M",""
"Bezgodov, Alexei","GM","","","RUS","2482","2509","2522","1969","M",""
"Bezold, Michael","GM","","","GER","2523","","","1972","M",""
"Bhat, Vinay S.","GM","","","USA","2511","","","1984","M","i"
"Bindrich, Falko","GM","","","GER","2561","","","1990","M",""
"Bischoff, Klaus","GM","","","GER","2512","","2477","1961","M",""
"Bisguier, Arthur B","GM","","","USA","2179","","","1929","M",""
"Bistric, Faruk","GM","","","BIH","2363","","","1958","M","i"
"Bitoon, Richard","GM","","","PHI","2414","2473","2384","1975","M",""
"Biyiasas, Peter","GM","","","USA","2450","","","1950","M","i"
"Blagojevic, Dragisa","GM","","","MNE","2524","2508","2580","1966","M",""
"Blatny, Pavel","GM","","","CZE","2416","2421","2417","1968","M",""
"Blehm, Pawel","GM","","","POL","2505","","","1980","M","i"
"Blomqvist, Erik","GM","","","SWE","2508","","","1990","M",""
"Bluvshtein, Mark","GM","","","CAN","2590","","","1988","M","i"
"Bobras, Piotr","GM","","","POL","2518","","","1977","M",""
"Bocharov, Dmitry","GM","","","RUS","2602","2610","2637","1982","M",""
"Boensch, Uwe","GM","","FST","GER","2524","","","1958","M",""
"Bogdanovski, Vlatko","GM","","","MKD","2459","2425","2433","1964","M",""
"Bogner, Sebastian","GM","","","SUI","2557","","","1991","M",""
"Bogosavljevic, Boban","GM","","","SRB","2549","2580","","1988","M",""
"Bojkov, Dejan","GM","","FST","BUL","2508","","","1977","M",""
"Bologan, Viktor","GM","","FST","MDA","2662","2680","2635","1971","M",""
"Borges Matos, Juan","GM","","","CUB","2436","","2492","1966","M",""
"Borisek, Jure","GM","","","SLO","2555","","","1986","M",""
"Boros, Denes","GM","","","HUN","2484","2498","","1988","M",""
"Borovikov, Vladislav","GM","","","UKR","2558","","","1973","M",""
"Bosiocic, Marin","GM","","","CRO","2542","2521","2629","1988","M",""
"Bouaziz, Slim","GM","","FT","TUN","2338","","","1950","M","i"
"Brandenburg, Daan","GM","","","NED","2534","","","1987","M","i"
"Braun, Arik","GM","","","GER","2567","","","1988","M",""
"Brenjo, Slavisa","GM","","","SRB","2487","","","1974","M",""
"Bricard, Emmanuel","GM","","","FRA","2460","","","1966","M",""
"Brkic, Ante","GM","","","CRO","2580","","2509","1988","M",""
"Brodsky, Michail","GM","","FST","UKR","2554","2544","","1969","M",""
"Browne, Walter S.","GM","","","USA","2444","","2448","1949","M",""
"Brunello, Sabino","GM","","","ITA","2615","2631","2640","1989","M",""
"Brunner, Lucas","GM","","","SUI","2455","","","1967","M",""
"Bruzon Batista, Lazaro","GM","","","CUB","2677","2704","2755","1982","M",""
"Brynell, Stellan","GM","","","SWE","2481","","","1962","M",""
"Bryzgalin, Kirill","GM","","","RUS","2460","2584","2501","1982","M",""
"Bu, Xiangzhi","GM","","","CHN","2683","2661","2634","1985","M",""
"Buhmann, Rainer","GM","","","GER","2562","2598","","1981","M",""
"Bui, Vinh","GM","","FT","VIE","2411","","","1976","M",""
"Bukavshin, Ivan","GM","","","RUS","2578","2612","2692","1995","M",""
"Bukic, Enver","GM","","","SLO","2383","","","1937","M","i"
"Bulski, Krzysztof","GM","","","POL","2538","2526","2519","1987","M",""
"Bunzmann, Dimitrij","GM","","","GER","2464","","","1982","M",""
"Burmakin, Vladimir","GM","","","RUS","2589","2551","2533","1967","M",""
"Butnorius, Algimantas","GM","","","LTU","2369","2340","","1946","M",""
"Bykhovsky, Anatoly","GM","","","ISR","2502","","2525","1988","M",""
"Bykhovsky, Avigdor","GM","","","RUS","2433","2435","2392","1955","M",""
"Byrne, Robert E","GM","","","USA","2434","","","1928","M","i"
"Cabrera, Alexis","GM","","","ESP","2523","","","1976","M",""
"Cabrilo, Goran","GM","","","SRB","2404","2419","2496","1958","M",""
"Campora, Daniel H.","GM","","","ARG","2474","","","1957","M",""
"Campos Moreno, Javier B.","GM","","","CHI","2466","","","1959","M",""
"Can, Emre","GM","","","TUR","2519","","2439","1990","M",""
"Cao, Sang","GM","","","VIE","2499","","2528","1973","M",""
"Carlsen, Magnus","GM","","","NOR","2870","2845","2837","1990","M",""
"Carlsson, Pontus","GM","","","SWE","2499","","2511","1982","M",""
"Caruana, Fabiano","GM","","","ITA","2782","2783","2697","1992","M",""
NA,NA,NA,NA,NA,NA,NA,NA,NA,NA,NA
