"Name","T","WT","Oth. T.","Fed","Rtg","Rpd","Blz","B-Year","S","F"
"Safarli, Eltaj","GM","","","AZE","2653","2662","2661","1992","M",""
"Sagalchik, Gennadij","GM","","","USA","2435","","","1969","M",""
"Sakaev, Konstantin","GM","","","RUS","2591","","2591","1974","M","i"
"Salem, A.R. Saleh","GM","","","UAE","2564","2579","2541","1993","M",""
"Salgado Lopez, Ivan","GM","","","ESP","2610","2620","2524","1991","M",""
"Salov, Valery","GM","","","RUS","2644","","","1964","M","i"
"Saltaev, Mihail","GM","","","UZB","2480","","","1962","M",""
"Salvador, Roland","GM","","","PHI","2458","2393","","1982","M",""
"Sambuev, Bator","GM","","","CAN","2518","2491","","1980","M",""
"San Segundo Carrillo, Pablo","GM","","","ESP","2491","","","1970","M",""
"Sanchez, Joseph","GM","","","PHI","2529","2531","","1970","M",""
"Sandipan, Chanda","GM","","","IND","2609","2628","2607","1983","M",""
"Sanduleac, Vasile","GM","","FA","MDA","2427","2397","","1971","M",""
"Sanikidze, Tornike","GM","","","GEO","2553","2592","2583","1989","M",""
"Santo-Roman, Marc","GM","","","FRA","2392","","","1960","M","i"
"Sargissian, Gabriel","GM","","","ARM","2676","2647","2702","1983","M",""
"Saric, Ante","GM","","FT","CRO","2547","2539","2554","1984","M",""
"Saric, Ibro","GM","","","BIH","2562","","","1982","M",""
"Saric, Ivan","GM","","","CRO","2628","2596","2629","1990","M",""
"Sasikiran, Krishnan","GM","","","IND","2666","2664","2698","1981","M",""
"Savchenko, Boris","GM","","","RUS","2602","2580","2684","1986","M",""
"Savchenko, Stanislav","GM","","","UKR","2506","","2457","1967","M",""
"Savic, Miodrag R","GM","","","SRB","2537","2524","","1977","M",""
"Sax, Gyula","GM","","IA","HUN","2439","","","1951","M",""
"Schandorff, Lars","GM","","","DEN","2522","","","1965","M",""
"Schebler, Gerhard","GM","","","GER","2451","2417","2448","1969","M",""
"Schlosser, Philipp","GM","","","GER","2608","2579","","1968","M",""
"Schmaltz, Roland","GM","","","GER","2546","","","1974","M",""
"Schmidt, Wlodzimierz","GM","","FST","POL","2360","2328","2238","1943","M",""
"Schmittdiel, Eckhard","GM","","","GER","2435","","","1960","M",""
"Schussler, Harry","GM","","","SWE","2416","","","1957","M",""
"Schwartzman, Gabriel","GM","","","USA","2533","","","1976","M","i"
"Sebag, Marie","GM","WGM","","FRA","2510","2502","","1986","F",""
"Sebenik, Matej","GM","","","SLO","2496","2545","2566","1983","M",""
"Sedlak, Nikola","GM","","","SRB","2568","2581","","1983","M",""
"Seferjan, Narek","GM","","","ARM","2416","","","1974","M","i"
"Seirawan, Yasser","GM","","FST","USA","2620","2641","2598","1960","M","i"
"Sengupta, Deep","GM","","","IND","2570","2571","2501","1988","M",""
"Seres, Lajos","GM","","","HUN","2442","2461","","1973","M",""
"Sergeev, Vladimir","GM","","","UKR","2421","2556","2476","1964","M",""
"Sermek, Drazen","GM","","","CRO","2501","","","1969","M","i"
"Serper, Grigory","GM","","","USA","2522","","","1969","M","i"
"Sethuraman, S.P.","GM","","","IND","2553","2579","2465","1993","M",""
"Sevillano, Enrico","GM","","","USA","2481","","2500","1968","M",""
"Shabalov, Alexander","GM","","","USA","2540","","2545","1967","M",""
"Shaked, Tal","GM","","","USA","2468","","","1978","M","i"
"Shalnev, Nikolai","GM","","","GER","2310","","","1944","M",""
"Shanava, Konstantine","GM","","","GEO","2578","2539","2524","1985","M",""
"Shankland, Samuel L","GM","","","USA","2605","","2601","1991","M",""
"Shaposhnikov, Evgeny","GM","","","RUS","2550","","2610","1981","M",""
"Sharapov, Evgeny","GM","","","UKR","2377","2373","2366","1981","M",""
"Sharavdorj, Dashzegve","GM","","FT","MGL","2426","","2477","1974","M",""
"Shariyazdanov, Andrey","GM","","","RUS","2572","2563","","1976","M",""
"Shaw, John","GM","","","SCO","2422","","2410","1968","M",""
"Shchekachev, Andrei","GM","","","FRA","2517","2552","2540","1972","M",""
"Shcherbakov, Ruslan","GM","","","RUS","2492","2501","","1969","M","i"
"Shengelia, David","GM","","","AUT","2543","2514","2547","1980","M",""
"Sher, Miron N","GM","","FST","USA","2404","","","1952","M","i"
"Sherzer, Alex","GM","","","USA","2504","","","1971","M","i"
"Shimanov, Aleksandr","GM","","","RUS","2650","2603","2632","1992","M",""
"Shipov, Sergei","GM","","","RUS","2541","2543","","1966","M","i"
"Shirov, Alexei","GM","","","LAT","2695","2718","2675","1972","M",""
"Shishkin, Vadim","GM","","","UKR","2488","2512","","1969","M",""
"Shkuro, Iuri","GM","","","UKR","2566","2493","2525","1982","M","i"
"Shneider, Aleksandr","GM","","","UKR","2506","","","1962","M",""
"Shomoev, Anton","GM","","","RUS","2560","2574","2474","1981","M",""
"Short, Nigel D","GM","","","ENG","2680","2711","2678","1965","M",""
"Shtyrenkov, Veniamen","GM","","","RUS","2337","","","1958","M",""
"Shulman, Yury","GM","","","USA","2562","","","1975","M",""
"Shvyrjov, Igor","GM","","","EST","2450","2351","","1955","M",""
"Shyam, Sundar M.","GM","","","IND","2544","2447","2412","1992","M",""
"Siebrecht, Sebastian","GM","","","GER","2500","","","1973","M",""
"Sigurjonsson, Gudmundur","GM","","","ISL","2463","","","1947","M","i"
"Sikula, Vaszilij","GM","","","UKR","2525","","","1981","M","i"
"Simantsev, Mikhail","GM","","","UKR","2479","2493","2520","1978","M",""
"Simic, Radoslav","GM","","","SRB","2373","","","1948","M","i"
"Simonian, Hrair","GM","","","ARM","2454","2453","2453","1991","M",""
"Simutowe, Amon","GM","","","ZAM","","","","1982","M","i"
"Sisniega Campbell, Marcel","GM","","","MEX","2435","","","1959","M","i"
"Sjugirov, Sanan","GM","","","RUS","2641","2697","2642","1993","M",""
"Skatchkov, Pavel","GM","","","RUS","2457","2421","2476","1979","M",""
"Skembris, Spyridon","GM","","FT","GRE","2442","","","1958","M",""
"Skoberne, Jure","GM","","","SLO","2573","2546","2528","1987","M",""
"Skorchenko, Dmitriy","GM","","","RUS","2487","2429","","1983","M",""
"Slipak, Sergio","GM","","","ARG","2429","2439","2412","1965","M",""
"Slobodjan, Roman","GM","","","GER","2506","","","1975","M",""
"Smagin, Sergey","GM","","","RUS","2551","2486","2399","1958","M","i"
"Smeets, Jan","GM","","","NED","2620","","2617","1985","M",""
"Smejkal, Jan","GM","","","CZE","2504","","","1946","M","i"
"Smerdon, David","GM","","","AUS","2523","2520","","1984","M",""
"Smirin, Ilia","GM","","","ISR","2642","2616","2732","1968","M",""
"Smirnov, Igor","GM","","","UKR","2496","","","1987","M","i"
"Smirnov, Pavel","GM","","","RUS","2641","2634","2532","1982","M",""
"So, Wesley","GM","","","PHI","2719","2642","2734","1993","M",""
"Socko, Bartosz","GM","","","POL","2661","2661","2618","1978","M",""
"Socko, Monika","GM","WGM","","POL","2431","2466","2425","1978","F",""
"Soffer, Ram","GM","","","ISR","2463","2380","2463","1965","M",""
"Sokolov, Andrei","GM","","","FRA","2576","2565","","1963","M",""
"Sokolov, Ivan","GM","","","NED","2625","","2583","1968","M",""
"Solak, Dragan","GM","","","TUR","2618","","2526","1980","M",""
NA,NA,NA,NA,NA,NA,NA,NA,NA,NA,NA
