"Name","T","WT","Oth. T.","Fed","Rtg","Rpd","Blz","B-Year","S","F"
"Godena, Michele","GM","","","ITA","2519","2527","2536","1967","M",""
"Gofshtein, Leonid","GM","","","ISR","2476","2460","2458","1953","M",""
"Goganov, Aleksey","GM","","","RUS","2581","2543","2565","1991","M",""
"Goldin, Alexander","GM","","","USA","2549","","","1964","M","i"
"Golizadeh, Asghar","GM","","","IRI","2508","2511","2479","1990","M",""
"Golod, Vitali","GM","","","ISR","2570","2604","2581","1971","M",""
"Goloshchapov, Alexander","GM","","","UKR","2586","2574","2631","1978","M",""
"Golubev, Mikhail","GM","","","UKR","2489","2483","2439","1970","M","i"
"Gomez Esteban, Juan Mario","GM","","","ESP","2470","","","1958","M",""
"Gomez, John Paul","GM","","","PHI","2541","2512","2481","1986","M",""
"Gonda, Laszlo","GM","","","HUN","2565","","","1988","M",""
"Gonzales, Jayson","GM","","","PHI","2405","","2349","1969","M","i"
"Gonzalez Garcia, Jose","GM","","","MEX","2496","2514","","1973","M",""
"Gonzalez Vidal, Yuri","GM","","","CUB","2549","","2444","1981","M",""
"Gonzalez Zamora, Juan Carlos","GM","","","MEX","2534","2539","2526","1968","M",""
"Gonzalez, Renier","GM","","","USA","2483","","","1972","M",""
"Gopal G.N.","GM","","","IND","2550","2538","2593","1989","M",""
"Gordon, Stephen J","GM","","","ENG","2516","2502","","1986","M",""
"Gormally, Daniel W","GM","","","ENG","2500","2559","2571","1976","M",""
"Gorovykh, Eduard","GM","","","RUS","2488","2466","","1990","M","i"
"Gozzoli, Yannick","GM","","","FRA","2529","","2499","1983","M",""
"Grabarczyk, Miroslaw","GM","","","POL","2462","2405","2384","1971","M",""
"Grachev, Boris","GM","","","RUS","2668","2651","2670","1986","M",""
"Graf, Alexander","GM","","","GER","2596","","","1962","M",""
"Granda Zuniga, Julio E","GM","","","PER","2680","2672","2677","1967","M",""
"Grandelius, Nils","GM","","","SWE","2583","","","1993","M",""
"Greenfeld, Alon","GM","","","ISR","2532","2518","2530","1964","M",""
"Gretarsson, Helgi Ass","GM","","","ISL","2455","2481","2395","1977","M",""
"Gretarsson, Hjorvar Steinn","GM","","","ISL","2511","","2522","1993","M",""
"Grigore, George-Gabriel","GM","","","ROU","2484","2491","","1970","M","i"
"Grigoriants, Sergey","GM","","","RUS","2581","2504","2618","1983","M",""
"Grigorov, Grigor","GM","","","BUL","2494","","","1987","M",""
"Grigoryan, Avetik","GM","","","ARM","2571","2589","2525","1989","M",""
"Grigoryan, Karen H.","GM","","","ARM","2584","2561","2566","1995","M",""
"Grischuk, Alexander","GM","","","RUS","2777","2835","2801","1983","M",""
"Gritsak, Orest","GM","","","UKR","2516","2550","","1973","M",""
"Grivas, Efstratios","GM","","IA,FST,IO","GRE","2482","","2425","1966","M",""
"Groszpeter, Attila","GM","","","HUN","2459","","","1960","M",""
"Grover, Sahaj","GM","","","IND","2478","2493","2484","1995","M",""
"Gruenfeld, Yehuda","GM","","","ISR","2440","2424","2488","1956","M",""
"Guliev, Sarhan","GM","","","AZE","2415","","","1968","M",""
"Guliyev, Namig","GM","","","AZE","2564","2588","2497","1974","M",""
"Gulko, Boris F","GM","","FST","USA","2537","","","1947","M",""
"Gundavaa, Bayarsaikhan","GM","","","MGL","2507","2534","2656","1989","M",""
"Gunina, Valentina","GM","WGM","","RUS","2503","2597","2612","1989","F",""
"Gupta, Abhijeet","GM","","","IND","2606","2636","2554","1989","M",""
"Gurevich, Dmitry","GM","","","USA","2496","","2487","1956","M",""
"Gurevich, Ilya","GM","","","USA","2586","","","1972","M","i"
"Gurevich, Mikhail","GM","","FA,FST","TUR","2574","","","1959","M",""
"Gurevich, Vladimir","GM","","","UKR","2489","","","1959","M",""
"Guseinov, Gadir","GM","","","AZE","2616","2671","2657","1986","M",""
"Gustafsson, Jan","GM","","","GER","2631","","","1979","M",""
"Gutman, Gennadi","GM","","","UKR","2479","2486","","1973","M",""
"Gutman, Lev","GM","","","GER","2454","","2405","1945","M",""
"Gutov, Andrey","GM","","","RUS","2402","2443","","1978","M",""
"Gyimesi, Zoltan","GM","","","HUN","2674","","","1977","M","i"
"Haba, Petr","GM","","","CZE","2502","","","1965","M",""
"Halkias, Stelios","GM","","","GRE","2551","2606","2574","1980","M",""
"Hamdouchi, Hicham","GM","","","FRA","2627","2607","2577","1972","M",""
"Hammer, Jon Ludvig","GM","","","NOR","2625","2598","","1990","M",""
"Handke, Florian","GM","","","GER","2543","","","1982","M",""
"Hansen, Curt","GM","","","DEN","2619","","","1964","M","i"
"Hansen, Eric","GM","","","CAN","2559","","2576","1992","M",""
"Hansen, Lars Bo","GM","","","DEN","2567","","","1968","M",""
"Hansen, Sune Berg","GM","","","DEN","2564","","","1971","M",""
"Har-Zvi, Ronen","GM","","FT","ISR","2512","","","1976","M","i"
"Harika, Dronavalli","GM","WGM","","IND","2486","2437","2466","1991","F",""
"Harikrishna, P.","GM","","","IND","2706","","2631","1986","M",""
"Harutjunyan, Gevorg","GM","","","ARM","2436","2554","2484","1981","M",""
"Hasangatin, Ramil","GM","","","RUS","2501","2493","","1972","M",""
"Haslinger, Stewart G","GM","","","ENG","2548","","","1981","M",""
"Hausrath, Daniel","GM","","","GER","2523","","","1976","M",""
"Hayrapetyan, Hovik","GM","","","ARM","2456","","2527","1990","M",""
"Haznedaroglu, Kivanc","GM","","FT","TUR","2433","","","1981","M",""
"Hebden, Mark L","GM","","","ENG","2551","2532","2515","1958","M",""
"Heberla, Bartlomiej","GM","","","POL","2561","","2510","1985","M",""
"Hecht, Hans-Joachim","GM","","","GER","2340","","","1939","M",""
"Hector, Jonny","GM","","","SWE","2504","","","1964","M",""
"Hellers, Ferdinand","GM","","","SWE","2599","","","1969","M","i"
"Hellsten, Johan","GM","","","SWE","2550","","","1975","M","i"
"Henley, Ron W","GM","","","USA","2415","","","1956","M","i"
"Hera, Imre Jr.","GM","","","HUN","2562","","","1986","M",""
"Hernandez Carmenate, Holden","GM","","","USA","2548","","2545","1984","M",""
"Hernandez Guerrero, Gilberto","GM","","","MEX","2519","","","1970","M",""
"Hernandez Onna, Roman","GM","","","CUB","2375","","","1949","M","i"
"Herraiz Hidalgo, Herminio","GM","","","ESP","2446","","","1978","M",""
"Herrera, Irisberto","GM","","","ESP","2438","","","1968","M",""
"Hertneck, Gerald","GM","","","GER","2476","","","1963","M",""
"Hess, Robert L","GM","","","USA","2573","2637","","1991","M",""
"Hickl, Joerg","GM","","","GER","2567","","","1965","M",""
"Hillarp Persson, Tiger","GM","","","SWE","2551","","","1970","M",""
"Hjartarson, Johann","GM","","","ISL","2580","","2607","1963","M",""
"Hoang, Thanh Trang","GM","WGM","","HUN","2511","2421","2414","1980","F",""
"Hodgson, Julian M","GM","","","ENG","2609","","","1963","M","i"
"Hoffman, Alejandro","GM","","","ARG","2447","2464","","1966","M",""
"Hoffmann, Michael","GM","","","GER","2471","2473","","1970","M",""
"Hoi, Carsten","GM","","","DEN","2400","","","1957","M",""
"Holt, Conrad","GM","","","USA","2542","","2539","1993","M",""
"Holzke, Frank","GM","","","GER","2476","","","1971","M",""
"Hort, Vlastimil","GM","","","GER","2436","2455","2413","1944","M",""
NA,NA,NA,NA,NA,NA,NA,NA,NA,NA,NA
