"Name","T","WT","Oth. T.","Fed","Rtg","Rpd","Blz","B-Year","S","F"
"Neiksans, Arturs","GM","","FT","LAT","2554","2572","2541","1983","M",""
"Nepomniachtchi, Ian","GM","","","RUS","2721","2799","2830","1990","M",""
"Nesterov, Yakov","GM","","","KAZ","2448","2413","","1966","M",""
"Neuman, Petr","GM","","","CZE","2497","2450","2488","1978","M",""
"Nevednichy, Vladislav","GM","","","ROU","2590","2575","2617","1969","M",""
"Neverov, Valeriy","GM","","","UKR","2508","2469","2393","1964","M",""
"Nevostrujev, Vladimir","GM","","","RUS","2451","2496","","1966","M",""
"Nguyen, Anh Dung","GM","","FT","VIE","2469","","2447","1976","M",""
"Nguyen, Ngoc Truong Son","GM","","","VIE","2614","2660","2762","1990","M",""
"Ni, Hua","GM","","","CHN","2668","2663","2572","1983","M",""
"Nielsen, Peter Heine","GM","","","DEN","2647","","","1973","M",""
"Nijboer, Friso","GM","","","NED","2531","","","1965","M",""
"Nikcevic, Nebojsa","GM","","","MNE","2428","2396","2324","1965","M",""
"Nikitin, Andrey","GM","","","RUS","2462","2431","","1974","M","i"
"Nikolac, Juraj","GM","","","CRO","2428","","","1932","M",""
"Nikolaidis, Ioannis","GM","","","GRE","2558","2567","2553","1971","M",""
"Nikolenko, Oleg","GM","","","RUS","2512","2497","2487","1959","M",""
"Nikolic, Predrag","GM","","","BIH","2620","","2606","1960","M",""
"Nikolic, Stanimir","GM","","","SRB","2265","","","1935","M",""
"Nikolov, Momchil","GM","","","BUL","2535","2542","","1985","M",""
"Ninov, Nikolai","GM","","","BUL","2466","","","1969","M",""
"Nisipeanu, Liviu-Dieter","GM","","","ROU","2682","2634","2614","1976","M",""
"Nogueiras Santiago, Jesus","GM","","FST","CUB","2501","","2530","1959","M",""
"Norwood, David R","GM","","","AND","2506","","","1968","M",""
"Novik, Maxim","GM","","","RUS","2459","2454","2383","1970","M",""
"Novikov, Igor A","GM","","","USA","2563","","","1962","M","i"
"Novikov, Maxim","GM","","","RUS","2507","2513","2528","1972","M",""
"Novikov, Stanislav","GM","","","RUS","2556","2587","","1985","M",""
"Nunn, John D M","GM","","","ENG","2602","","","1955","M","i"
"Nyback, Tomi","GM","","","FIN","2586","2576","","1985","M",""
"Nyzhnyk, Illya","GM","","","UKR","2625","2607","2612","1996","M",""
"Obukhov, Alexander","GM","","","RUS","2372","","","1969","M","i"
"Odeev, Handszar","GM","","","TKM","2428","","","1972","M",""
"Ogaard, Leif","GM","","","NOR","2404","","","1952","M","i"
"Okhotnik, Vladimir","GM","","","FRA","2421","2444","2379","1950","M",""
"Olafsson, Fridrik","GM","","","ISL","2406","","","1935","M",""
"Olafsson, Helgi","GM","","FST","ISL","2546","","2555","1956","M",""
"Oleksienko, Mikhailo","GM","","","UKR","2622","2578","2493","1986","M",""
"Olszewski, Michal","GM","","","POL","2547","2541","2531","1989","M",""
"Oms Pallisse, Josep","GM","","","ESP","2453","","","1973","M",""
"Onischuk, Alexander","GM","","","USA","2672","","","1975","M",""
"Onischuk, Vladimir","GM","","","UKR","2591","2614","2565","1991","M",""
"Oral, Tomas","GM","","","CZE","2528","","","1977","M","i"
"Oratovsky, Michael","GM","","","ISR","2499","","","1974","M",""
"Orlov, Andrey","GM","","","RUS","2506","2552","","1977","M",""
"Ortega, Lexy","GM","","FT","ITA","2480","2484","2440","1960","M",""
"Ortiz Suarez, Isan Reynaldo","GM","","","CUB","2608","2592","2468","1985","M",""
"Ostenstad, Berge","GM","","","NOR","2483","2430","","1964","M",""
"Ovetchkin, Roman","GM","","","RUS","2542","2512","2443","1973","M",""
"Ovsejevitsch, Sergei","GM","","","UKR","2570","2592","","1974","M",""
"Padevsky, Nikola","GM","","","BUL","2355","","","1933","M","i"
"Paehtz, Thomas","GM","","","GER","2401","","","1956","M",""
"Paichadze, Luka","GM","","","GEO","2568","2561","2454","1991","M",""
"Palac, Mladen","GM","","FT","CRO","2571","2584","2588","1971","M",""
"Palatnik, Semon","GM","","FST,IO","USA","2455","","","1950","M","i"
"Palo, Davor","GM","","","DEN","2553","","","1985","M",""
"Panarin, Mikhail","GM","","","RUS","2555","2574","2523","1983","M",""
"Panchanathan, Magesh Chandran","GM","","","IND","2547","","","1983","M",""
"Panno, Oscar","GM","","","ARG","2438","","","1935","M","i"
"Pantsulaia, Levan","GM","","","GEO","2595","2644","2643","1986","M",""
"Pap, Gyula","GM","","","HUN","2526","2563","2555","1991","M",""
"Pap, Misa","GM","","","SRB","2484","2494","2517","1979","M",""
"Papadopoulos, Ioannis K.","GM","","","GRE","2414","","","1988","M",""
"Papaioannou, Ioannis","GM","","","GRE","2639","2614","","1976","M",""
"Papin, Vasily","GM","","","RUS","2510","2451","2532","1988","M",""
"Papp, Gabor","GM","","","HUN","2593","","","1987","M",""
"Paragua, Mark","GM","","","PHI","2499","2538","2430","1984","M",""
"Parker, Jonathan F","GM","","","ENG","2522","","","1976","M",""
"Parligras, Mircea-Emilian","GM","","","ROU","2576","2652","","1980","M",""
"Parma, Bruno","GM","","","SLO","2480","","","1941","M","i"
"Pashikian, Arman","GM","","","ARM","2617","","","1987","M",""
"Paunovic, Dragan","GM","","","SRB","2500","","","1961","M",""
"Pavasovic, Dusko","GM","","FT","SLO","2563","","","1976","M",""
"Pavlovic, Milos","GM","","","SRB","2512","2526","2494","1964","M",""
"Pelletier, Yannick","GM","","","SUI","2575","2644","","1976","M",""
"Peng, Xiaomin","GM","","","CHN","2591","","","1973","M","i"
"Peng, Zhaoqin","GM","WGM","FI","NED","2378","","","1968","F",""
"Penrose, Jonathan","GM","","","ENG","2405","","","1933","M","i"
"Peralta, Fernando","GM","","","ARG","2600","2592","2599","1979","M",""
"Perelshteyn, Eugene","GM","","","USA","2500","","","1980","M",""
"Perez Candelario, Manuel","GM","","","ESP","2568","2449","","1983","M",""
"Perez Mitjans, Orelvis","GM","","","ESP","2418","2465","","1976","M",""
"Perez Ponsa, Federico","GM","","","ARG","2518","2488","2477","1993","M",""
"Perez Rodriguez, Luis Manuel","GM","","","CUB","2392","","2442","1978","M",""
"Pert, Nicholas","GM","","","ENG","2555","","","1981","M",""
"Perunovic, Milos","GM","","","SRB","2613","2655","2569","1984","M",""
"Petkevich, Jusefs","GM","","","LAT","2376","2364","2333","1940","M",""
"Petkov, Vladimir","GM","","","BUL","2570","2509","","1971","M",""
"Petr, Martin","GM","","","CZE","2530","2559","","1988","M",""
"Petrik, Tomas","GM","","","SVK","2519","","","1980","M",""
"Petrosian, Arshak B","GM","","FST","ARM","2470","","","1953","M","i"
"Petrosian, Davit G.","GM","","","ARM","2452","","2506","1984","M",""
"Petrosian, Tigran L.","GM","","","ARM","2660","2637","2613","1984","M",""
"Petrov, Marijan","GM","","","BUL","2470","","","1975","M",""
"Petursson, Margeir","GM","","","ISL","2532","","","1960","M","i"
"Pfleger, Helmut, Dr.","GM","","","GER","2477","","","1943","M","i"
"Pigusov, Evgeny","GM","","","RUS","2555","2531","","1961","M","i"
"Piket, Jeroen","GM","","","NED","2624","","","1969","M","i"
"Pikula, Dejan","GM","","","SRB","2499","2498","2506","1969","M",""
"Pilavov, Georgy","GM","","FA","UKR","2609","2520","2513","1974","M",""
NA,NA,NA,NA,NA,NA,NA,NA,NA,NA,NA
