"Name","T","WT","Oth. T.","Fed","Rtg","Rpd","Blz","B-Year","S","F"
"Manor, Ilan","GM","","","ISR","2481","","","1969","M",""
"Marcelin, Cyril","GM","","","FRA","2490","","","1979","M",""
"Marciano, David","GM","","","FRA","2503","","","1969","M",""
"Mareco, Sandro","GM","","","ARG","2582","2587","2572","1987","M",""
"Margvelashvili, Giorgi","GM","","","GEO","2555","","2539","1990","M",""
"Mariano, Nelson","GM","","","PHI","2447","","","1974","M","i"
"Marin, Mihail","GM","","","ROU","2578","2541","","1965","M",""
"Mariotti, Sergio","GM","","","ITA","2295","2288","","1946","M",""
"Marjanovic, Slavoljub","GM","","FST","SRB","2473","","","1955","M",""
"Markos, Jan","GM","","","SVK","2586","","","1985","M",""
"Markosian, David S.","GM","","","ARM","2399","","","1972","M","i"
"Markovic, Miroslav","GM","","","SRB","2498","2495","2598","1973","M",""
"Markowski, Tomasz","GM","","","POL","2566","2550","2559","1975","M",""
"Markus, Robert","GM","","","SRB","2606","","","1983","M",""
"Marovic, Drazen","GM","","","CRO","2445","","","1938","M","i"
"Martinez Duany, Lelys Stanley","GM","","","CUB","2459","2513","2472","1985","M",""
"Martinovic, Sasa","GM","","","CRO","2537","2551","2544","1991","M",""
"Martinovic, Slobodan","GM","","","SRB","2379","2417","2364","1945","M",""
"Maslak, Konstantin","GM","","","RUS","2566","2513","2527","1984","M","i"
"Mastrovasilis, Athanasios","GM","","","GRE","2550","2552","2539","1979","M",""
"Mastrovasilis, Dimitrios","GM","","","GRE","2602","","2609","1983","M",""
"Matamoros Franco, Carlos S.","GM","","","ECU","","2581","2548","1966","M",""
"Matanovic, Aleksandar","GM","","","SRB","2490","","","1930","M","i"
"Mateo, Ramon","GM","","","DOM","2413","","2387","1958","M",""
"Matjushin, Gennady","GM","","","UKR","2462","2484","2465","1984","M",""
"Matlakov, Maxim","GM","","","RUS","2700","2648","2602","1991","M",""
"Matsuura, Everaldo","GM","","","BRA","2467","","2460","1970","M",""
"Matulovic, Milan","GM","","","SRB","2394","","","1935","M","i"
"Maximov, Dmitry","GM","","","UKR","2464","2477","2493","1984","M",""
"Maze, Sebastien","GM","","","FRA","2536","","2550","1984","M",""
"McDonald, Neil","GM","","","ENG","2437","","","1967","M",""
"Mchedlishvili, Mikheil","GM","","","GEO","2655","2641","2663","1979","M",""
"McNab, Colin A","GM","","","SCO","2457","","2445","1961","M",""
"McShane, Luke J","GM","","","ENG","2684","2665","2702","1984","M",""
"Mecking, Henrique","GM","","","BRA","2606","","","1952","M",""
"Meduna, Eduard","GM","","","CZE","2369","","2467","1950","M",""
"Medvegy, Zoltan","GM","","","HUN","2516","","2530","1979","M",""
"Megaranto, Susanto","GM","","","INA","2529","2542","2565","1987","M",""
"Meier, Georg","GM","","","GER","2631","2677","2663","1987","M",""
"Meijers, Viesturs","GM","","","LAT","2464","","","1967","M",""
"Meister, Jakob","GM","","","GER","2490","","","1955","M",""
"Mekhitarian, Krikor Sevag","GM","","","BRA","2566","","2552","1986","M",""
"Melkumyan, Hrant","GM","","","ARM","2625","2675","2687","1989","M",""
"Mestel, A Jonathan","GM","","","ENG","2471","","","1957","M","i"
"Michalik, Peter","GM","","","SVK","2583","2501","","1990","M",""
"Miezis, Normunds","GM","","","LAT","2555","2490","2475","1971","M",""
"Mikhalchishin, Adrian","GM","","FST","SLO","2520","2561","2542","1954","M",""
"Mikhaletz, Lubomir","GM","","","UKR","2395","2427","2377","1974","M",""
"Mikhalevski, Victor","GM","","","ISR","2536","2569","2492","1972","M",""
"Miladinovic, Igor","GM","","","SRB","2583","","2629","1974","M",""
"Milanovic, Danilo","GM","","","SRB","2506","2431","2505","1974","M",""
"Miljkovic, Miroslav D","GM","","","SRB","2477","2524","2515","1985","M",""
"Milos, Gilberto","GM","","","BRA","2583","","","1963","M",""
"Milov, Leonid","GM","","","GER","2517","2544","","1966","M",""
"Milov, Vadim","GM","","","SUI","2622","2664","","1972","M",""
"Minasian, Ara","GM","","","ARM","2432","","","1974","M","i"
"Minasian, Artashes","GM","","","ARM","2487","","2556","1967","M",""
"Miralles, Gilles","GM","","","FRA","2448","","2478","1966","M",""
"Miroshnichenko, Evgenij","GM","","","UKR","2625","2598","2597","1978","M",""
"Mirumian, Vigen","GM","","","CZE","2498","","2473","1977","M",""
"Mirzoev, Azer","GM","","","AZE","2540","","2532","1978","M",""
"Mista, Aleksander","GM","","","POL","2583","2565","2443","1983","M",""
"Mitkov, Nikola","GM","","","MKD","2508","","","1971","M",""
"Miton, Kamil","GM","","","POL","2591","2600","2630","1984","M",""
"Mogranzini, Roberto","GM","","","ITA","2499","2505","2517","1983","M",""
"Mohr, Georg","GM","","FST,IO","SLO","2483","","2521","1965","M",""
"Mohr, Stefan","GM","","","GER","2413","","","1967","M","i"
"Moiseenko, Alexander","GM","","","UKR","2710","2701","2614","1980","M",""
"Mokry, Karel","GM","","","CZE","2420","","","1959","M","i"
"Molner, Mackenzie","GM","","","USA","2525","","2472","1988","M",""
"Moradiabadi, Elshan","GM","","FT","IRI","2571","","2599","1985","M",""
"Moranda, Wojciech","GM","","","POL","2586","2587","2581","1988","M",""
"Moreno Carnero, Javier","GM","","","ESP","2519","","","1975","M","i"
"Morovic Fernandez, Ivan","GM","","","CHI","2568","","2499","1963","M",""
"Morozevich, Alexander","GM","","","RUS","2722","2733","2741","1977","M",""
"Moskalenko, Viktor","GM","","FST","ESP","2528","","","1960","M",""
"Motwani, Paul","GM","","","SCO","2484","","","1962","M",""
"Motylev, Alexander","GM","","","RUS","2654","2662","2630","1979","M",""
"Movsesian, Sergei","GM","","","ARM","2677","2696","2730","1978","M",""
"Movsziszian, Karen","GM","","","ARM","2509","","","1963","M",""
"Mrva, Martin","GM","","","SVK","2412","","","1971","M",""
"Mueller, Karsten, Dr.","GM","","","GER","2534","","","1970","M",""
"Munoz Pantoja, Miguel","GM","","","ESP","2462","","2516","1975","M",""
"Murariu, Andrei","GM","","","ROU","2518","2512","2487","1986","M",""
"Muratovic, Alija","GM","","","SRB","2505","","","1962","M","i"
"Murey, Jacob","GM","","","ISR","2429","","2378","1941","M","i"
"Murshed, Niaz","GM","","","BAN","2464","2461","2471","1966","M",""
"Muse, Mladen","GM","","","CRO","2415","","","1963","M",""
"Muzychuk, Anna","GM","WGM","","SLO","2566","2520","2613","1990","F",""
"Nabaty, Tamir","GM","","","ISR","2568","2582","2508","1991","M",""
"Nadyrhanov, Sergey","GM","","","RUS","2459","","","1963","M","i"
"Naiditsch, Arkadij","GM","","","GER","2718","2656","2643","1985","M",""
"Najdoski, Toni","GM","","","MKD","2598","","","1970","M","i"
"Najer, Evgeniy","GM","","","RUS","2646","2646","2707","1977","M",""
"Nakamura, Hikaru","GM","","","USA","2789","2826","2879","1987","M",""
"Nalbandian, Tigran","GM","","","ARM","2449","","","1975","M",""
"Nanu, Costica-Ciprian","GM","","FT","ROU","2533","2532","2511","1977","M",""
"Narciso Dublan, Marc","GM","","","ESP","2521","2491","2563","1974","M",""
"Naroditsky, Daniel","GM","","","USA","2535","","2532","1995","M",""
"Nataf, Igor-Alexandre","GM","","","FRA","2541","","","1978","M",""
NA,NA,NA,NA,NA,NA,NA,NA,NA,NA,NA
