"Name","T","WT","Oth. T.","Fed","Rtg","Rpd","Blz","B-Year","S","F"
"Aagaard, Jacob","GM","","","DEN","2513","2502","","1973","M",""
"Abasov, Nijat","GM","","","AZE","2517","","2445","1995","M",""
"Abbasifar, Hasan","GM","","FT","IRI","2506","","","1982","M",""
"Abbasov, Farid","GM","","","AZE","2531","","","1979","M","i"
"Abdulla, Al-Rakib","GM","","","BAN","2518","2501","","1980","M",""
"Abergel, Thal","GM","","","FRA","2430","","2449","1982","M",""
"Abramovic, Bosko","GM","","FST","SRB","2436","2436","2395","1951","M",""
"Abreu Delgado, Aryam","GM","","","CUB","2464","2456","2462","1978","M",""
"Acs, Peter","GM","","","HUN","2569","","","1981","M",""
"Adams, Michael","GM","","","ENG","2754","2764","2715","1971","M",""
"Adhiban, B.","GM","","","IND","2590","2575","2606","1992","M",""
"Adianto, Utut","GM","","","INA","2556","","","1965","M",""
"Adly, Ahmed","GM","","","EGY","2594","2612","2608","1987","M",""
"Adorjan, Andras","GM","","IA","HUN","2504","","","1950","M","i"
"Agamaliev, Gamil","GM","","","AZE","2492","","","1974","M",""
"Agdestein, Simen","GM","","","NOR","2627","2606","2577","1967","M",""
"Agrest, Evgenij","GM","","","SWE","2593","2545","","1966","M",""
"Ajrapetjan, Yuriy","GM","","","UKR","2495","2504","","1988","M",""
"Akesson, Ralf","GM","","","SWE","2447","2493","","1961","M",""
"Akobian, Varuzhan","GM","","","USA","2632","","2653","1983","M",""
"Akopian, Vladimir","GM","","","ARM","2682","2684","2654","1971","M",""
"Akshayraj, Kore","GM","","","IND","2481","2485","2450","1988","M",""
"Al-Modiahki, Mohamad","GM","","","QAT","2549","2547","2559","1974","M",""
"AL-Sayed, Mohammed","GM","","","QAT","2476","2494","2404","1981","M",""
"Alavkin, Arseny","GM","","","RUS","2413","2469","2481","1969","M",""
"Alburt, Lev O","GM","","FST","USA","2539","","2521","1945","M",""
"Aleksandrov, Aleksej","GM","","","BLR","2578","2568","2562","1973","M",""
"Alekseev, Evgeny","GM","","","RUS","2698","2636","2640","1985","M",""
"Almasi, Zoltan","GM","","","HUN","2708","","","1976","M",""
"Almeida Quintana, Omar","GM","","","CUB","2504","2483","2542","1981","M",""
"Alonso Rosell, Alvar","GM","","","ESP","2531","2506","","1992","M",""
"Alonso, Salvador","GM","","","ARG","2512","2544","2545","1974","M",""
"Alsina Leal, Daniel","GM","","","ESP","2553","2523","2451","1988","M",""
"Alterman, Boris","GM","","","ISR","2588","","","1970","M",""
"Alvarez Pedraza, Aramis","GM","","","CUB","2482","2514","2560","1988","M",""
"Amanov, Mesgen","GM","","","TKM","2463","","2507","1986","M",""
"Amin, Bassem","GM","","","EGY","2665","2623","2664","1988","M",""
"Amonatov, Farrukh","GM","","","TJK","2613","","2637","1978","M",""
"Anagnostopoulos, Dimitri","GM","","","GRE","2456","","","1970","M","i"
"Anand, Viswanathan","GM","","","IND","2773","2800","2827","1969","M",""
"Anastasian, Ashot","GM","","","ARM","2540","","","1964","M","i"
"Andersson, Ulf","GM","","","SWE","2545","","2526","1951","M",""
"Andreev, Eduard","GM","","","UKR","2499","2470","2446","1980","M",""
"Andreikin, Dmitry","GM","","","RUS","2709","2773","2716","1990","M",""
"Andriasian, Zaven","GM","","","ARM","2621","2568","2608","1989","M",""
"Anic, Darko","GM","","","FRA","2413","","","1957","M",""
"Anka, Emil","GM","","IA","HUN","2382","","","1969","M","i"
"Annageldyev, Orazly","GM","","","TKM","2374","","2369","1960","M",""
"Annakov, Babakuli","GM","","","USA","2429","","","1972","M","i"
"Antal, Gergely","GM","","","HUN","2519","","","1985","M",""
"Antic, Dejan","GM","","","SRB","2466","2472","","1968","M",""
"Antipov, Mikhail Al.","GM","","","RUS","2511","2583","2557","1997","M",""
"Anton Guijarro, David","GM","","","ESP","2557","2593","2543","1995","M",""
"Antoniewski, Rafal","GM","","","POL","2546","","2569","1980","M",""
"Antonio, Rogelio Jr","GM","","","PHI","2517","2517","2487","1962","M",""
"Antunes, Antonio","GM","","","POR","2496","","","1962","M","i"
"Apicella, Manuel","GM","","","FRA","2521","","","1970","M",""
"Appel, Ralf","GM","","","GER","2527","","","1971","M",""
"Arakhamia-Grant, Ketevan","GM","WGM","","SCO","2388","2440","2403","1968","F",""
"Ardiansyah, H","GM","","","INA","2380","","","1951","M",""
"Arencibia Rodriguez, Walter","GM","","FT","CUB","2501","","","1967","M",""
"Areshchenko, Alexander","GM","","","UKR","2706","2684","2697","1986","M",""
"Arizmendi Martinez, Julen Luis","GM","","","ESP","2547","2553","","1976","M",""
"Arkell, Keith C","GM","","","ENG","2444","2404","2456","1961","M",""
"Arkhipov, Sergey","GM","","","RUS","2507","","","1954","M","i"
"Arnason, Jon L","GM","","","ISL","2499","","2440","1960","M",""
"Arnaudov, G. Petar","GM","","","BUL","2451","2422","","1986","M",""
"Arnold, Marc T","GM","","","USA","2524","","","1992","M",""
"Aronian, Levon","GM","","","ARM","2812","2770","2863","1982","M",""
"Aroshidze, Levan","GM","","","GEO","2565","2573","","1985","M",""
"Arun Prasad, S.","GM","","","IND","2504","2486","2514","1988","M",""
"Arutinian, David","GM","","","GEO","2537","2533","2566","1984","M",""
"Arzumanian, Georgy","GM","","","ARM","2496","","2472","1980","M","i"
"Asanov, Bolat","GM","","IA,FST","KAZ","2421","","2303","1961","M",""
"Ashley, Maurice","GM","","","USA","2446","","","1966","M",""
"Askarov, Marat","GM","","","RUS","2467","2320","","1987","M",""
"Atalik, Suat","GM","","","TUR","2562","2566","","1964","M",""
"Averbakh, Yuri L","GM","","IA","RUS","2445","","","1922","M","i"
"Aveskulov, Valeriy","GM","","","UKR","2529","","","1986","M",""
"Avrukh, Boris","GM","","","ISR","2585","2601","2683","1978","M",""
"Azarov, Sergei","GM","","","BLR","2616","2646","2602","1983","M",""
"Azmaiparashvili, Zurab","GM","","FST,IO","GEO","2637","","","1960","M","i"
"Babaev, Rashad","GM","","","AZE","2525","","","1981","M",""
"Babujian, Levon","GM","","","ARM","2500","","2454","1986","M",""
"Babula, Vlastimil","GM","","","CZE","2585","","2569","1973","M",""
"Baburin, Alexander","GM","","","IRL","2503","","2485","1967","M",""
"Bacallao Alonso, Yusnel","GM","","","CUB","2526","","2564","1988","M",""
"Bachmann, Axel","GM","","","PAR","2577","","2603","1989","M",""
"Bacrot, Etienne","GM","","","FRA","2738","2692","2744","1983","M",""
"Badea, Bela","GM","","","ROU","2491","2483","2438","1969","M","i"
"Bagaturov, Giorgi","GM","","","GEO","2408","","","1964","M",""
"Bagheri, Amir","GM","","","IRI","2412","","","1978","M",""
"Bagirov, Rufat","GM","","","AZE","2461","","","1979","M","i"
"Bajarani, Ulvi","GM","","","AZE","2504","2466","2477","1995","M",""
"Baklan, Vladimir","GM","","","UKR","2632","2650","2608","1978","M",""
"Bakre, Tejas","GM","","","IND","2444","2507","2411","1981","M",""
"Balashov, Yuri S","GM","","","RUS","2447","2423","2427","1949","M",""
"Balinov, Ilia","GM","","","AUT","2478","","","1966","M","i"
"Balog, Imre","GM","","","HUN","2554","2572","2576","1991","M",""
"Balogh, Csaba","GM","","","HUN","2646","","2654","1987","M",""
NA,NA,NA,NA,NA,NA,NA,NA,NA,NA,NA
