"Name","T","WT","Oth. T.","Fed","Rtg","Rpd","Blz","B-Year","S","F"
"El Gindy, Essam","GM","","FT","EGY","2487","","","1966","M",""
"Eljanov, Pavel","GM","","","UKR","2702","2712","2676","1983","M",""
"Emms, John M","GM","","","ENG","2469","","","1967","M",""
"Enders, Peter","GM","","","GER","2464","","","1963","M",""
"Epishin, Vladimir","GM","","","RUS","2598","2596","2565","1965","M",""
"Erdos, Viktor","GM","","","HUN","2650","2614","2618","1987","M",""
"Erenburg, Sergey","GM","","","USA","2621","","","1983","M",""
"Ermenkov, Evgenij","GM","","","BUL","2423","2417","","1949","M",""
"Ernst, Sipke","GM","","","NED","2560","","2528","1979","M",""
"Ernst, Thomas","GM","","","SWE","2392","","","1960","M",""
"Eryomenko, Volodymyr","GM","","","UKR","2503","","2291","1987","M","i"
"Esen, Baris","GM","","","TUR","2559","","2576","1986","M",""
"Espig, Lutz","GM","","","GER","2302","","","1949","M",""
"Evdokimov, Alexander A.","GM","","","RUS","2558","2562","2534","1985","M","i"
"Farago, Ivan","GM","","","HUN","2465","","","1946","M",""
"Fargere, Francois","GM","","","FRA","2446","2455","2384","1985","M",""
"Fedorchuk, Sergey A.","GM","","","UKR","2669","2614","2675","1981","M",""
"Fedorov, Alexei","GM","","","BLR","2567","2547","","1972","M",""
"Fedorowicz, John P","GM","","","USA","2439","","","1958","M",""
"Fedoseev, Vladimir","GM","","","RUS","2532","2654","2582","1995","M",""
"Felgaer, Ruben","GM","","","ARG","2586","","","1981","M",""
"Fercec, Nenad","GM","","","CRO","2484","","2552","1961","M",""
"Fernandes, Antonio","GM","","","POR","2390","2398","","1962","M",""
"Fernandez Garcia, Jose Luis","GM","","","ESP","2425","","","1954","M",""
"Feygin, Michael","GM","","","GER","2533","2525","","1975","M",""
"Fier, Alexandr","GM","","","BRA","2595","2598","2572","1988","M",""
"Filippov, Anton","GM","","","UZB","2630","2583","2542","1986","M",""
"Filippov, Valerij","GM","","","RUS","2553","2555","","1975","M","i"
"Finegold, Benjamin","GM","","","USA","2490","","","1969","M",""
"Finkel, Alexander","GM","","","ISR","2500","2521","","1975","M",""
"Firman, Nazar","GM","","","UKR","2517","2505","2437","1983","M",""
"Fish, Gennadij","GM","","","GER","2464","","","1973","M",""
"Fishbein, Alexander","GM","","","USA","2522","","","1968","M",""
"Flear, Glenn C","GM","","","ENG","2466","","","1959","M",""
"Flores Rios, Mauricio","GM","","","CHI","2519","","2480","1990","M",""
"Flores, Diego","GM","","","ARG","2578","2613","2618","1982","M",""
"Flumbort, Andras Dr.","GM","","","HUN","2469","","","1984","M",""
"Fodor, Tamas Jr.","GM","","","HUN","2451","","","1991","M",""
"Fogarasi, Tibor","GM","","","HUN","2402","","","1969","M",""
"Fominyh, Alexander","GM","","","RUS","2450","2469","","1959","M",""
"Fontaine, Robert","GM","","","FRA","2549","","","1980","M",""
"Forintos, Gyozo V","GM","","IA","HUN","2317","","","1935","M","i"
"Franco Ocampos, Zenon","GM","","FST","PAR","2490","","","1956","M",""
"Fressinet, Laurent","GM","","","FRA","2708","2690","2719","1981","M",""
"Fridman, Daniel","GM","","","GER","2634","2649","2700","1976","M",""
"Friedel, Joshua E","GM","","","USA","2500","","","1986","M",""
"Frolyanov, Dmitry","GM","","","RUS","2562","2621","2562","1986","M",""
"Ftacnik, Lubomir","GM","","","SVK","2543","","","1957","M",""
"Gabriel, Christian","GM","","","GER","2495","","","1975","M","i"
"Gabrielian, Artur","GM","","","RUS","2547","2529","2487","1982","M",""
"Gabuzyan, Hovhannes","GM","","","ARM","2540","2524","2480","1995","M",""
"Gagunashvili, Merab","GM","","","GEO","2585","2603","2618","1985","M",""
"Gajewski, Grzegorz","GM","","","POL","2646","2653","2560","1985","M",""
"Galdunts, Sergey","GM","","","ARM","2425","","","1965","M",""
"Galego, Luis","GM","","","POR","2480","2494","","1966","M",""
"Galkin, Alexander","GM","","","RUS","2626","2595","","1979","M","i"
"Gallagher, Joseph G.","GM","","","SUI","2498","2522","2479","1964","M",""
"Ganguly, Surya Shekhar","GM","","","IND","2637","2637","2624","1983","M",""
"Gao, Rui","GM","","","CHN","2469","","2503","1992","M",""
"Gaprindashvili, Nona","GM","WIM","","GEO","2312","2244","2261","1941","F",""
"Gaprindashvili, Valeriane","GM","","","GEO","2381","","","1982","M",""
"Garcia Martinez, Silvino","GM","","FST","CUB","2325","","","1944","M",""
"Garcia Palermo, Carlos","GM","","FT","ITA","2460","","","1953","M",""
"Garcia, Gildardo","GM","","","COL","2393","","","1954","M",""
"Gareev, Timur","GM","","","USA","2676","","2634","1988","M",""
"Gasanov, Eldar","GM","","","UKR","2458","2435","","1982","M","i"
"Gashimov, Vugar","GM","","","AZE","2737","","","1986","M","i"
"Gausel, Einar","GM","","","NOR","2501","","","1963","M",""
"Gavrikov, Viktor","GM","","","LTU","2514","","","1957","M","i"
"Gavrilov, Alexei","GM","","","RUS","2452","2469","2430","1960","M",""
"Gazarian, Aram","GM","","","RUS","2513","","","1983","M","i"
"Gdanski, Jacek","GM","","","POL","2510","","2444","1970","M",""
"Gelashvili, Tamaz","GM","","","GEO","2585","","2627","1978","M",""
"Gelfand, Boris","GM","","","ISR","2764","2728","2719","1968","M",""
"Geller, Jakov","GM","","","RUS","2542","2539","2556","1986","M",""
"Genov, Petar","GM","","","BUL","2448","2461","2469","1970","M",""
"Georgiev, Kiril","GM","","","BUL","2637","2600","2615","1965","M",""
"Georgiev, Krum","GM","","","BUL","2448","","","1958","M",""
"Georgiev, Vladimir","GM","","","MKD","2546","2540","","1975","M",""
"Gershon, Alik","GM","","","ISR","2482","","","1980","M",""
"Ghaem Maghami, Ehsan","GM","","","IRI","2549","2542","2531","1982","M",""
"Ghane, Shojaat","GM","","","IRI","2321","","","1975","M",""
"Gharamian, Tigran","GM","","","FRA","2655","2652","2656","1984","M",""
"Gheorghiu, Florin","GM","","","ROU","2387","","","1944","M",""
"Ginsburg, Gennadi","GM","","","GER","2513","2496","","1971","M",""
"Giorgadze, Giorgi","GM","","","GEO","2584","","","1964","M","i"
"Giorgadze, Tamaz","GM","","FST","GEO","2504","","","1947","M","i"
"Giri, Anish","GM","","","NED","2737","2712","2685","1994","M",""
"Gleizerov, Evgeny","GM","","","RUS","2567","2615","2559","1963","M",""
"Glek, Igor","GM","",",IO","GER","2460","2450","2546","1961","M",""
"Godena, Michele","GM","","","ITA","2514","2519","2536","1967","M",""
"Gofshtein, Leonid","GM","","","ISR","2460","2460","2528","1953","M",""
"Goldin, Alexander","GM","","","USA","2549","","","1964","M",""
"Golizadeh, Asghar","GM","","","IRI","2500","2511","2479","1990","M",""
"Golod, Vitali","GM","","","ISR","2573","2586","2559","1971","M",""
"Goloshchapov, Alexander","GM","","","UKR","2588","2574","2631","1978","M",""
"Golubev, Mikhail","GM","","","UKR","2489","2483","2439","1970","M","i"
"Gomez Esteban, Juan Mario","GM","","","ESP","2463","","","1958","M",""
"Gomez, John Paul","GM","","","PHI","2520","2512","2481","1986","M",""
"Gonda, Laszlo","GM","","","HUN","2538","","","1988","M",""
NA,NA,NA,NA,NA,NA,NA,NA,NA,NA,NA
