"Name","T","WT","Oth. T.","Fed","Rtg","Rpd","Blz","B-Year","S","F"
"Zhigalko, Andrey","GM","","","BLR","2603","2563","2503","1985","M",""
"Zhigalko, Sergei","GM","","","BLR","2664","2704","2661","1989","M",""
"Zhou, Jianchao","GM","","","CHN","2584","2637","2569","1988","M",""
"Zhou, Weiqi","GM","","","CHN","2614","2596","2590","1986","M",""
"Zhu, Chen","GM","","","QAT","2488","2476","2444","1976","F",""
"Zhukova, Natalia","GM","WGM","","UKR","2468","2409","2457","1979","F",""
"Ziatdinov, Raset","GM","","","USA","2357","2370","2385","1958","M",""
"Zifroni, Dov","GM","","","ISR","2488","2471","","1976","M",""
"Zilberman, Yaacov","GM","","","ISR","2396","2418","","1954","M",""
"Zinchenko, Yaroslav","GM","","","UKR","2536","2493","2531","1987","M",""
"Zlochevskij, Alexander","GM","","","ITA","2489","2485","2368","1963","M","i"
"Zoler, Dan","GM","","","ISR","2546","2529","2567","1974","M",""
"Zontakh, Andrey","GM","","","UKR","2531","","","1970","M",""
"Zubarev, Alexander","GM","","","UKR","2550","2524","2573","1979","M",""
"Zubov, Alexander","GM","","","UKR","2580","2636","2594","1983","M",""
"Zvjaginsev, Vadim","GM","","","RUS","2659","2660","2649","1976","M",""
NA,NA,NA,NA,NA,NA,NA,NA,NA,NA,NA
