"Name","T","WT","Oth. T.","Fed","Rtg","Rpd","Blz","B-Year","S","F"
"Hossain, Enamul","GM","","","BAN","2443","2518","","1981","M",""
"Hou, Yifan","GM","WGM","","CHN","2629","2579","2559","1994","F",""
"Hovhannisyan, Robert","GM","","","ARM","2597","2584","2583","1991","M",""
"Howell, David W L","GM","","","ENG","2644","2649","","1990","M",""
"Howell, James C","GM","","","ENG","2495","","","1967","M","i"
"Hracek, Zbynek","GM","","","CZE","2638","2602","2611","1970","M",""
"Huebner, Robert","GM","","","GER","2595","2575","","1948","M",""
"Hulak, Krunoslav","GM","","","CRO","2473","","2432","1951","M",""
"Hungaski, Robert Andrew","GM","","","USA","2462","2476","2454","1987","M",""
"Huschenbeth, Niclas","GM","","","GER","2537","","","1992","M",""
"Huzman, Alexander","GM","","","ISR","2572","","","1962","M",""
"Ibarra Jerez, Jose Carlos","GM","","","ESP","2507","2495","2553","1985","M",""
"Ibragimov, Alibek","GM","","","KAZ","2498","","","1970","M","i"
"Ibragimov, Ildar","GM","","","USA","2563","2476","2522","1967","M",""
"Ibrahimov, Rasul","GM","","","AZE","2527","","","1981","M","i"
"Ibrayev, Nurlan","GM","","FA","KAZ","2394","2449","2383","1977","M",""
"Ikonnikov, Vyacheslav","GM","","","RUS","2567","","","1966","M",""
"Ilincic, Zlatko","GM","","","SRB","2428","","","1968","M",""
"Iljin, Artem","GM","","","RUS","2537","2544","","1987","M",""
"Iljushin, Alexei","GM","","","RUS","2518","2509","","1980","M",""
"Illescas Cordoba, Miguel","GM","","FST","ESP","2614","2588","","1965","M",""
"Inarkiev, Ernesto","GM","","","RUS","2695","2682","2657","1985","M",""
"Indjic, Aleksandar","GM","","","SRB","2534","2494","","1995","M",""
"Inkiov, Ventzislav","GM","","IA","BUL","2419","2478","2412","1956","M",""
"Ionescu, Constantin","GM","","","ROU","2441","2450","2426","1958","M",""
"Ionov, Sergey","GM","","","RUS","2538","2527","","1962","M",""
"Iordachescu, Viorel","GM","","","MDA","2614","2633","2573","1977","M",""
"Iotov, Valentin","GM","","","BUL","2568","","2586","1988","M",""
"Ipatov, Alexander","GM","","","TUR","2630","2596","2634","1993","M",""
"Irzhanov, Ruslan","GM","","","KAZ","2494","","","1976","M","i"
"Iskusnyh, Sergei","GM","","","RUS","2471","2499","2497","1974","M",""
"Ismagambetov, Anuar","GM","","","KAZ","2493","2484","2454","1986","M",""
"Istratescu, Andrei","GM","","","FRA","2668","2709","2678","1975","M",""
"Iturrizaga, Eduardo","GM","","","VEN","2645","2652","2672","1989","M",""
"Iuldachev, Saidali","GM","","","UZB","2474","2499","2485","1968","M",""
"Ivanchuk, Vassily","GM","","","UKR","2731","2732","2750","1969","M",""
"Ivanisevic, Ivan","GM","","","SRB","2619","2661","2641","1977","M",""
"Ivanov, Alexander","GM","","","USA","2528","","","1956","M",""
"Ivanov, Alexander Al.","GM","","FA","RUS","2424","2424","","1965","M",""
"Ivanov, Mikhail M","GM","","","RUS","2344","","","1969","M",""
"Ivanov, Sergey","GM","","","RUS","2556","2564","","1961","M",""
"Ivanovic, Bozidar","GM","","","MNE","2418","2410","","1949","M",""
"Ivkov, Borislav","GM","","IA","SRB","2408","","","1933","M",""
"Izeta Txabarri, Felix","GM","","","ESP","2459","","","1961","M","i"
"Izmukhambetov, Salauat","GM","","","KAZ","2431","","","1972","M","i"
"Izoria, Zviad","GM","","","USA","2562","","2576","1984","M",""
"Jacimovic, Dragoljub","GM","","","MKD","2422","2454","2444","1964","M",""
"Jakovenko, Dmitry","GM","","","RUS","2721","2662","2630","1983","M",""
"Jakubiec, Artur","GM","","","POL","2515","","","1973","M",""
"Jakubowski, Krzysztof","GM","","","POL","2532","2531","2415","1983","M",""
"Janev, Evgeni","GM","","","BUL","2433","","","1973","M",""
"Janjghava, Lasha","GM","","","GEO","2468","","","1970","M","i"
"Jankovic, Alojzije","GM","","","CRO","2556","2518","2524","1983","M",""
"Janovsky, Sergey","GM","","","RUS","2496","","","1960","M","i"
"Jansa, Vlastimil","GM","","FST","CZE","2449","","","1942","M",""
"Janssen, Ruud","GM","","","NED","2471","","","1979","M",""
"Jaracz, Pawel","GM","","","POL","2502","2483","2530","1975","M",""
"Jedynak, Radoslaw","GM","","","POL","2455","2475","","1982","M",""
"Jenni, Florian","GM","","","SUI","2511","2489","","1980","M",""
"Jeremic, Veljko","GM","","","SRB","2492","","","1985","M","i"
"Jianu, Vlad-Cristian","GM","","","ROU","2565","2554","2534","1984","M",""
"Jirovsky, Milos","GM","","","CZE","2480","2471","2512","1974","M",""
"Jobava, Baadur","GM","","","GEO","2695","2678","2628","1983","M",""
"Johannessen, Leif Erlend","GM","","","NOR","2532","2531","2468","1980","M",""
"Johansen, Darryl K.","GM","","","AUS","2409","2441","","1959","M",""
"Jojua, Davit","GM","","","GEO","2565","2531","2559","1989","M",""
"Jones, Gawain C B","GM","","","ENG","2648","2615","2655","1987","M",""
"Jonkman, Harmen","GM","","","NED","2425","","","1975","M",""
"Jovanic, Ognjen","GM","","","CRO","2519","2507","2413","1978","M",""
"Jovanovic, Zoran","GM","","","CRO","2531","2528","2661","1979","M",""
"Jumabayev, Rinat","GM","","","KAZ","2561","2600","2667","1989","M",""
"Jussupow, Artur","GM","","FST","GER","2583","2609","2505","1960","M",""
"Kabanov, Nikolai","GM","","","RUS","2477","2463","2327","1980","M",""
"Kacheishvili, Giorgi","GM","","","GEO","2579","","2585","1977","M",""
"Kaidanov, Gregory S","GM","","","USA","2573","","","1959","M",""
"Kalinin, Alexander","GM","","","RUS","2459","","","1968","M","i"
"Kalinitschew, Sergey","GM","","","GER","2442","","","1956","M",""
"Kallai, Gabor","GM","","IA,FST","HUN","2465","","","1959","M",""
"Kallio, Heikki","GM","","","FIN","2492","","","1980","M","i"
"Kalod, Radek","GM","","","CZE","2486","2491","","1978","M",""
"Kalugin, Sergey G.","GM","","","RUS","2377","2352","2397","1970","M","i"
"Kaminski, Marcin","GM","","","POL","2457","","","1977","M","i"
"Kamsky, Gata","GM","","","USA","2721","2734","2671","1974","M",""
"Kanep, Meelis","GM","","","EST","2520","2431","2459","1983","M",""
"Kantsler, Boris","GM","","","ISR","2433","2435","2460","1962","M",""
"Kapnisis, Spyridon","GM","","","GRE","2459","2440","","1981","M",""
"Karjakin, Sergey","GM","","","RUS","2756","2787","2837","1990","M",""
"Karlsson, Lars","GM","","","SWE","2410","","2409","1955","M",""
"Karpatchev, Aleksandr","GM","","","RUS","2461","","2334","1967","M",""
"Karpov, Anatoly","GM","","FA,FST","RUS","2619","2630","2644","1951","M",""
"Kasimdzhanov, Rustam","GM","","","UZB","2698","2694","2681","1979","M",""
"Kasparov, Garry","GM","","FST","RUS","2812","","","1963","M","i"
"Kasparov, Sergey","GM","","","BLR","2483","","2496","1968","M",""
"Kaufman, Larry C","GM","","","USA","2336","","2207","1947","M",""
"Kavalek, Lubomir","GM","","","USA","2527","","","1943","M","i"
"Kayumov, Dmitry D","GM","","","UZB","2389","","","1949","M",""
"Kayumov, Sergey","GM","","","UZB","2505","2486","2511","1981","M","i"
"Kazakov, Mikhail","GM","","","UKR","2502","2507","2461","1972","M",""
"Kazhgaleyev, Murtas","GM","","","KAZ","2570","2598","2659","1973","M",""
"Keene, Raymond D","GM","","IA,IO","ENG","2455","","","1948","M","i"
NA,NA,NA,NA,NA,NA,NA,NA,NA,NA,NA
