"Name","T","WT","Oth. T.","Fed","Rtg","Rpd","Blz","B-Year","S","F"
"Marin, Mihail","GM","","","ROU","2578","2541","","1965","M",""
"Mariotti, Sergio","GM","","","ITA","2295","2288","","1946","M",""
"Marjanovic, Slavoljub","GM","","FST","SRB","2473","","","1955","M",""
"Markos, Jan","GM","","","SVK","2589","","","1985","M",""
"Markosian, David S.","GM","","","ARM","2399","","","1972","M","i"
"Markovic, Miroslav","GM","","","SRB","2498","2495","","1973","M",""
"Markowski, Tomasz","GM","","","POL","2568","2550","2559","1975","M",""
"Markus, Robert","GM","","","SRB","2611","","","1983","M",""
"Marovic, Drazen","GM","","","CRO","2445","","","1938","M","i"
"Martinez Duany, Lelys Stanley","GM","","","CUB","2472","2513","2501","1985","M",""
"Martinovic, Sasa","GM","","","CRO","2531","","2544","1991","M",""
"Martinovic, Slobodan","GM","","","SRB","2375","2391","","1945","M",""
"Maslak, Konstantin","GM","","","RUS","2566","2513","2527","1984","M","i"
"Mastrovasilis, Athanasios","GM","","","GRE","2550","","2539","1979","M",""
"Mastrovasilis, Dimitrios","GM","","","GRE","2589","","2609","1983","M",""
"Matamoros Franco, Carlos S.","GM","","","ECU","","2581","2548","1966","M",""
"Matanovic, Aleksandar","GM","","","SRB","2490","","","1930","M","i"
"Mateo, Ramon","GM","","","DOM","2413","","2381","1958","M",""
"Matjushin, Gennady","GM","","","UKR","2462","2484","2465","1984","M",""
"Matlakov, Maxim","GM","","","RUS","2700","2648","2607","1991","M",""
"Matsuura, Everaldo","GM","","","BRA","2472","","2460","1970","M",""
"Matulovic, Milan","GM","","","SRB","2394","","","1935","M","i"
"Maximov, Dmitry","GM","","","UKR","2477","2477","2493","1984","M",""
"Maze, Sebastien","GM","","","FRA","2544","","2550","1984","M",""
"McDonald, Neil","GM","","","ENG","2419","","","1967","M",""
"Mchedlishvili, Mikheil","GM","","","GEO","2631","2641","2663","1979","M",""
"McNab, Colin A","GM","","","SCO","2453","","2445","1961","M",""
"McShane, Luke J","GM","","","ENG","2696","","2702","1984","M",""
"Mecking, Henrique","GM","","","BRA","2606","","","1952","M",""
"Meduna, Eduard","GM","","","CZE","2369","","2467","1950","M",""
"Medvegy, Zoltan","GM","","","HUN","2541","","","1979","M",""
"Megaranto, Susanto","GM","","","INA","2527","2542","2565","1987","M",""
"Meier, Georg","GM","","","GER","2623","2677","2663","1987","M",""
"Meijers, Viesturs","GM","","","LAT","2459","","","1967","M",""
"Meister, Jakob","GM","","","GER","2494","","","1955","M",""
"Mekhitarian, Krikor Sevag","GM","","","BRA","2557","","","1986","M",""
"Melkumyan, Hrant","GM","","","ARM","2634","2675","2687","1989","M",""
"Mestel, A Jonathan","GM","","","ENG","2471","","","1957","M","i"
"Michalik, Peter","GM","","","SVK","2576","2501","","1990","M",""
"Miezis, Normunds","GM","","","LAT","2565","2490","2496","1971","M",""
"Mikhalchishin, Adrian","GM","","FST","SLO","2516","2561","2542","1954","M",""
"Mikhaletz, Lubomir","GM","","","UKR","2395","2429","2412","1974","M",""
"Mikhalevski, Victor","GM","","","ISR","2551","2569","2492","1972","M",""
"Miladinovic, Igor","GM","","","SRB","2583","","2567","1974","M",""
"Milanovic, Danilo","GM","","","SRB","2506","2505","2505","1974","M",""
"Miljkovic, Miroslav D","GM","","","SRB","2477","2484","2498","1985","M",""
"Milos, Gilberto","GM","","","BRA","2583","","","1963","M",""
"Milov, Leonid","GM","","","GER","2522","2544","","1966","M",""
"Milov, Vadim","GM","","","SUI","2618","2664","","1972","M",""
"Minasian, Ara","GM","","","ARM","2432","","","1974","M","i"
"Minasian, Artashes","GM","","","ARM","2487","","2556","1967","M",""
"Miralles, Gilles","GM","","","FRA","2446","","2478","1966","M",""
"Miroshnichenko, Evgenij","GM","","","UKR","2626","2598","2597","1978","M",""
"Mirumian, Vigen","GM","","","CZE","2498","","2473","1977","M",""
"Mirzoev, Azer","GM","","","AZE","2519","","2532","1978","M",""
"Mista, Aleksander","GM","","FT","POL","2582","2571","2434","1983","M",""
"Mitkov, Nikola","GM","","","MKD","2503","","","1971","M",""
"Miton, Kamil","GM","","","POL","2597","2632","2578","1984","M",""
"Mogranzini, Roberto","GM","","","ITA","2506","2505","2517","1983","M",""
"Mohr, Georg","GM","","FST,IO","SLO","2492","","2521","1965","M",""
"Mohr, Stefan","GM","","","GER","2413","","","1967","M","i"
"Moiseenko, Alexander","GM","","","UKR","2709","2678","2642","1980","M",""
"Mokry, Karel","GM","","","CZE","2420","","","1959","M","i"
"Molner, Mackenzie","GM","","","USA","2516","","2472","1988","M",""
"Moradiabadi, Elshan","GM","","FT","IRI","2559","","2599","1985","M",""
"Moranda, Wojciech","GM","","","POL","2588","2587","2581","1988","M",""
"Moreno Carnero, Javier","GM","","","ESP","2519","","","1975","M","i"
"Morovic Fernandez, Ivan","GM","","","CHI","2568","","2499","1963","M",""
"Morozevich, Alexander","GM","","","RUS","2727","2733","2741","1977","M",""
"Moskalenko, Viktor","GM","","FST","ESP","2538","","","1960","M",""
"Motwani, Paul","GM","","","SCO","2485","","","1962","M",""
"Motylev, Alexander","GM","","FST","RUS","2645","2662","2630","1979","M",""
"Movsesian, Sergei","GM","","","ARM","2700","2696","2730","1978","M",""
"Movsziszian, Karen","GM","","","ARM","2510","","","1963","M",""
"Mrva, Martin","GM","","","SVK","2412","","","1971","M",""
"Mueller, Karsten, Dr.","GM","","","GER","2532","","","1970","M",""
"Munoz Pantoja, Miguel","GM","","","ESP","2460","","2488","1975","M",""
"Murariu, Andrei","GM","","","ROU","2518","2512","2487","1986","M",""
"Muratovic, Alija","GM","","","SRB","2505","","","1962","M","i"
"Murey, Jacob","GM","","","ISR","2429","","2378","1941","M","i"
"Murshed, Niaz","GM","","","BAN","2460","2461","2471","1966","M",""
"Muse, Mladen","GM","","","CRO","2417","","","1963","M",""
"Muzychuk, Anna","GM","WGM","","SLO","2566","2566","2639","1990","F",""
"Nabaty, Tamir","GM","","","ISR","2580","2582","2508","1991","M",""
"Nadyrhanov, Sergey","GM","","","RUS","2459","","","1963","M","i"
"Naiditsch, Arkadij","GM","","","GER","2727","2656","2643","1985","M",""
"Najdoski, Toni","GM","","","MKD","2598","","","1970","M","i"
"Najer, Evgeniy","GM","","","RUS","2641","2646","2707","1977","M",""
"Nakamura, Hikaru","GM","","","USA","2786","2812","2879","1987","M",""
"Nalbandian, Tigran","GM","","","ARM","2449","","","1975","M",""
"Nanu, Costica-Ciprian","GM","","FT","ROU","2533","2518","2531","1977","M",""
"Narciso Dublan, Marc","GM","","","ESP","2510","2491","","1974","M",""
"Naroditsky, Daniel","GM","","","USA","2531","","2532","1995","M",""
"Nataf, Igor-Alexandre","GM","","","FRA","2541","","","1978","M",""
"Naumann, Alexander","GM","","","GER","2544","","","1979","M",""
"Naumkin, Igor","GM","","","RUS","2460","2484","2516","1965","M",""
"Navara, David","GM","","","CZE","2705","2648","2690","1985","M",""
"Nedev, Trajko","GM","","","MKD","2505","2515","2450","1973","M",""
"Neelotpal, Das","GM","","","IND","2445","","2431","1982","M",""
"Negi, Parimarjan","GM","","","IND","2671","2631","2578","1993","M",""
NA,NA,NA,NA,NA,NA,NA,NA,NA,NA,NA
