"Name","T","WT","Oth. T.","Fed","Rtg","Rpd","Blz","B-Year","S","F"
"Petrov, Marijan","GM","","","BUL","2470","","","1975","M",""
"Petursson, Margeir","GM","","","ISL","2532","","","1960","M","i"
"Pfleger, Helmut, Dr.","GM","","","GER","2477","","","1943","M","i"
"Pigusov, Evgeny","GM","","","RUS","2555","2531","","1961","M","i"
"Piket, Jeroen","GM","","","NED","2624","","","1969","M","i"
"Pikula, Dejan","GM","","","SRB","2499","2539","2506","1969","M",""
"Pilavov, Georgy","GM","","FA","UKR","2609","2520","2514","1974","M",""
"Pinter, Jozsef","GM","","","HUN","2544","","","1953","M",""
"Piorun, Kacper","GM","","","POL","2563","2535","2542","1991","M",""
"Piskov, Yury","GM","","","RUS","2442","","","1964","M","i"
"Plachetka, Jan","GM","","FST","SVK","2350","2362","","1945","M",""
"Plaskett, H James","GM","","","ENG","2490","2541","2502","1960","M",""
"Podolchenko, Evgeniy","GM","","","BLR","2434","","2418","1988","M",""
"Pogorelov, Ruslan","GM","","","UKR","2377","","2361","1959","M",""
"Polak, Tomas","GM","","","CZE","2501","","2510","1974","M",""
"Polgar, Judit","GM","","","HUN","2693","2656","2673","1976","F",""
"Polgar, Zsuzsa","GM","WIM","FST","USA","2577","","","1969","F","i"
"Poluljahov, Aleksandr","GM","","","RUS","2503","","","1965","M","i"
"Polzin, Rainer","GM","","","GER","2425","","","1971","M",""
"Pomar Salamanca, Arturo","GM","","","ESP","2345","","","1931","M","i"
"Ponkratov, Pavel","GM","","","RUS","2601","2653","2654","1988","M",""
"Ponomariov, Ruslan","GM","","","UKR","2721","2738","2758","1983","M",""
"Popchev, Milko","GM","","","BUL","2417","","","1964","M",""
"Popilski, Gil","GM","","","ISR","2492","2557","2543","1993","M",""
"Popov, Ivan","GM","","","RUS","2650","2618","2611","1990","M",""
"Popov, Valerij","GM","","","RUS","2544","2570","2528","1974","M",""
"Popovic, Dusan","GM","","","SRB","2547","2598","2589","1983","M",""
"Popovic, Petar","GM","","","SRB","2463","","","1959","M",""
"Portisch, Lajos","GM","","","HUN","2464","2436","","1937","M",""
"Postny, Evgeny","GM","","","ISR","2634","2628","2587","1981","M",""
"Potapov, Alexander","GM","","","RUS","2399","2404","","1969","M",""
"Potkin, Vladimir","GM","","","RUS","2625","2667","2629","1982","M",""
"Pozo Vera, Sandro","GM","","","CUB","2452","2485","2482","1987","M",""
"Predojevic, Borki","GM","","","BIH","","","","1987","M",""
"Pridorozhni, Aleksei","GM","","","RUS","2512","2616","2561","1981","M",""
"Prie, Eric","GM","","","FRA","2495","","","1962","M",""
"Prohaszka, Peter","GM","","","HUN","2577","","2578","1992","M",""
"Prokopchuk, Evgeny","GM","","IO","RUS","2523","","","1978","M","i"
"Pruijssers, Roeland","GM","","","NED","2521","","2455","1989","M",""
"Prusikin, Michael","GM","","FT","GER","2519","","","1978","M",""
"Psakhis, Lev","GM","","FST","ISR","2524","","","1958","M","i"
"Pushkov, Nikolai","GM","","IA","RUS","2344","2303","2390","1946","M",""
"Quesada Perez, Yuniesky","GM","","","CUB","2642","2633","2592","1984","M",""
"Quinteros, Miguel A.","GM","","","ARG","2422","","","1947","M","i"
"Rabiega, Robert","GM","","","GER","2494","","","1971","M",""
"Radjabov, Teimour","GM","","","AZE","2713","2750","2706","1987","M",""
"Radulov, Ivan","GM","","","BUL","2245","2353","","1939","M",""
"Raetsky, Alexander","GM","","IA,IO","RUS","2433","","2379","1961","M",""
"Ragger, Markus","GM","","","AUT","2656","2697","2587","1988","M",""
"Rahman, Ziaur","GM","","","BAN","2499","2542","","1974","M",""
"Raicevic, Vladimir","GM","","","SRB","2381","","","1949","M","i"
"Rajkovic, Dusan","GM","","","SRB","2369","2426","2398","1942","M",""
"Rakhmanov, Aleksandr","GM","","","RUS","2606","2558","2581","1989","M",""
"Ramesh, R.B.","GM","","","IND","2472","","","1976","M","i"
"Ramirez, Alejandro","GM","","","USA","2600","2579","2642","1988","M",""
"Rantanen, Yrjo A.","GM","","","FIN","2320","","2288","1950","M",""
"Rapport, Richard","GM","","","HUN","2691","2707","2668","1996","M",""
"Rashkovsky, Nukhim N","GM","","","RUS","2515","2525","","1946","M","i"
"Rasmussen, Allan Stig","GM","","","DEN","2485","","","1983","M",""
"Rasulov, Vugar","GM","","","AZE","2534","","2457","1991","M",""
"Rausis, Igors","GM","","","CZE","2557","2441","2511","1961","M",""
"Rechlis, Gad","GM","","","ISR","2483","","","1967","M",""
"Ree, Hans","GM","","","NED","2342","","","1944","M",""
"Reefat, Bin-Sattar","GM","","","BAN","2449","2448","","1974","M",""
"Reinderman, Dimitri","GM","","","NED","2593","","","1972","M",""
"Relange, Eloi","GM","","","FRA","2466","","","1976","M",""
"Renet, Olivier","GM","","","FRA","2478","","","1964","M",""
"Riazantsev, Alexander","GM","","","RUS","2689","2648","2744","1985","M",""
"Ribli, Zoltan","GM","","IA,FST","HUN","2585","","","1951","M",""
"Ricardi, Pablo","GM","","","ARG","2461","","","1962","M",""
"Ristic, Nenad","GM","","FT","SRB","2431","2411","","1958","M",""
"Rivas Pastor, Manuel","GM","","","ESP","2541","","","1960","M",""
"Rizouk, Aimen","GM","","","ALG","2527","","","1979","M",""
"Robson, Ray","GM","","","USA","2617","","2622","1994","M",""
"Rodriguez Cepedes, Amador","GM","","","ESP","2424","","","1956","M",""
"Rodriguez Guerrero, Enrique","GM","","","ESP","2432","2431","","1983","M",""
"Rodriguez Vargas, Orestes","GM","","","ESP","2365","","","1943","M",""
"Rodriguez Vila, Andres","GM","","","URU","2437","2465","","1973","M",""
"Rodshtein, Maxim","GM","","","ISR","2682","2616","2627","1989","M",""
"Rogers, Ian","GM","","","AUS","2545","","","1960","M","i"
"Rogic, Davor","GM","","","CRO","2564","","2579","1971","M",""
"Rogoff, Kenneth S","GM","","","USA","2505","","","1953","M","i"
"Rogovski, Vladimir","GM","","FT","UKR","2461","","","1965","M","i"
"Rogozenco, Dorian","GM","","","ROU","2524","","2409","1973","M",""
"Rohde, Michael A","GM","","","USA","2445","2459","2428","1959","M",""
"Roiz, Michael","GM","","","ISR","2614","2628","2669","1983","M",""
"Romanenko, Vladimir","GM","","","BLR","2496","","","1985","M",""
"Romanishin, Oleg M","GM","","","UKR","2483","","","1952","M",""
"Romanov, Evgeny","GM","","","RUS","2654","2572","2639","1988","M",""
"Rombaldoni, Axel","GM","","","ITA","2514","2488","2502","1992","M",""
"Romero Holmes, Alfonso","GM","","","ESP","2509","2479","","1965","M",""
"Rotstein, Arkadij","GM","","","GER","2508","","","1961","M",""
"Roussel-Roozmon, Thomas","GM","","","CAN","2466","","","1988","M",""
"Rowson, Jonathan","GM","","","SCO","2569","2565","","1977","M",""
"Roy Chowdhury, Saptarshi","GM","","","IND","2494","2495","2393","1982","M",""
"Rozentalis, Eduardas","GM","","","LTU","2618","2597","","1963","M",""
"Ruban, Vadim","GM","","","RUS","2545","","","1964","M","i"
"Rublevsky, Sergei","GM","","","RUS","2706","2685","2682","1974","M",""
"Ruck, Robert","GM","","","HUN","2577","","","1977","M",""
"Rusev, Krasimir","GM","","","BUL","2546","","","1983","M",""
NA,NA,NA,NA,NA,NA,NA,NA,NA,NA,NA
