"Name","T","WT","Oth. T.","Fed","Rtg","Rpd","Blz","B-Year","S","F"
"Dziuba, Marcin","GM","","","POL","2582","2577","2603","1983","M",""
"Edouard, Romain","GM","","","FRA","2653","2632","2664","1990","M",""
"Efimenko, Zahar","GM","","","UKR","2657","2677","2714","1985","M",""
"Efimov, Igor","GM","","","MNC","2385","2438","2449","1960","M",""
"Ehlvest, Jaan","GM","","","USA","2574","2620","2467","1962","M",""
"Eingorn, Vereslav S","GM","","FST","UKR","2548","","","1956","M",""
"El Debs, Felipe de Cresce","GM","","","BRA","2520","2504","","1985","M",""
"El Gindy, Essam","GM","","FT","EGY","2484","","","1966","M",""
"Eljanov, Pavel","GM","","","UKR","2733","2716","2674","1983","M",""
"Emms, John M","GM","","","ENG","2441","","","1967","M",""
"Enders, Peter","GM","","","GER","2469","","","1963","M",""
"Epishin, Vladimir","GM","","","RUS","2555","2590","2575","1965","M",""
"Erdos, Viktor","GM","","","HUN","2658","2614","2618","1987","M",""
"Erenburg, Sergey","GM","","","USA","2625","","","1983","M",""
"Ermenkov, Evgenij","GM","","","BUL","2427","2417","","1949","M",""
"Ernst, Sipke","GM","","","NED","2565","","2528","1979","M",""
"Ernst, Thomas","GM","","","SWE","2392","","","1960","M",""
"Eryomenko, Volodymyr","GM","","","UKR","2503","","2291","1987","M","i"
"Esen, Baris","GM","","","TUR","2565","","2576","1986","M",""
"Espig, Lutz","GM","","","GER","2302","","","1949","M",""
"Evdokimov, Alexander A.","GM","","","RUS","2558","2578","2535","1985","M","i"
"Farago, Ivan","GM","","","HUN","2479","","","1946","M",""
"Fargere, Francois","GM","","","FRA","2446","2455","2384","1985","M",""
"Fedorchuk, Sergey A.","GM","","","UKR","2666","2614","2675","1981","M",""
"Fedorov, Alexei","GM","","","BLR","2569","2547","","1972","M",""
"Fedorowicz, John P","GM","","","USA","2427","","","1958","M",""
"Fedoseev, Vladimir","GM","","","RUS","2597","2599","2593","1995","M",""
"Felgaer, Ruben","GM","","","ARG","2569","2600","","1981","M",""
"Fercec, Nenad","GM","","","CRO","2471","","2552","1961","M",""
"Fernandes, Antonio","GM","","","POR","2365","2392","","1962","M",""
"Fernandez Garcia, Jose Luis","GM","","","ESP","2425","","","1954","M",""
"Feygin, Michael","GM","","","GER","2506","2525","","1975","M",""
"Fier, Alexandr","GM","","","BRA","2572","2615","2572","1988","M",""
"Filippov, Anton","GM","","","UZB","2634","2583","2542","1986","M",""
"Filippov, Valerij","GM","","","RUS","2553","2555","","1975","M","i"
"Finegold, Benjamin","GM","","","USA","2493","","","1969","M",""
"Finkel, Alexander","GM","","","ISR","2507","2493","","1975","M",""
"Firman, Nazar","GM","","","UKR","2533","2505","2437","1983","M",""
"Fish, Gennadij","GM","","","GER","2470","","","1973","M",""
"Fishbein, Alexander","GM","","","USA","2495","","","1968","M",""
"Flear, Glenn C","GM","","","ENG","2475","","","1959","M",""
"Flores Rios, Mauricio","GM","","","CHI","2537","","2480","1990","M",""
"Flores, Diego","GM","","","ARG","2572","2613","2618","1982","M",""
"Flumbort, Andras Dr.","GM","","","HUN","2474","","","1984","M",""
"Fodor, Tamas Jr.","GM","","","HUN","2462","","","1991","M",""
"Fogarasi, Tibor","GM","","","HUN","2395","","","1969","M",""
"Fominyh, Alexander","GM","","","RUS","2444","2469","","1959","M",""
"Fontaine, Robert","GM","","","FRA","2549","","","1980","M",""
"Forintos, Gyozo V","GM","","IA","HUN","2317","","","1935","M","i"
"Franco Ocampos, Zenon","GM","","FST","PAR","2490","","","1956","M",""
"Fressinet, Laurent","GM","","","FRA","2707","2681","2705","1981","M",""
"Fridman, Daniel","GM","","","GER","2600","2649","2662","1976","M",""
"Friedel, Joshua E","GM","","","USA","2487","","","1986","M",""
"Frolyanov, Dmitry","GM","","","RUS","2561","2621","2562","1986","M",""
"Ftacnik, Lubomir","GM","","","SVK","2545","","","1957","M",""
"Gabriel, Christian","GM","","","GER","2497","","","1975","M",""
"Gabrielian, Artur","GM","","","RUS","2545","2548","2519","1982","M",""
"Gabuzyan, Hovhannes","GM","","","ARM","2531","2524","2489","1995","M",""
"Gagunashvili, Merab","GM","","","GEO","2556","2603","2618","1985","M",""
"Gajewski, Grzegorz","GM","","","POL","2634","2633","2560","1985","M",""
"Galdunts, Sergey","GM","","","ARM","2428","","","1965","M",""
"Galego, Luis","GM","","","POR","2465","2495","","1966","M",""
"Galkin, Alexander","GM","","","RUS","2615","2595","","1979","M",""
"Gallagher, Joseph G.","GM","","","SUI","2504","2522","2479","1964","M",""
"Ganguly, Surya Shekhar","GM","","","IND","2646","2637","2624","1983","M",""
"Gao, Rui","GM","","","CHN","2462","","2503","1992","M",""
"Gaprindashvili, Nona","GM","WIM","","GEO","2312","2244","2261","1941","F",""
"Gaprindashvili, Valeriane","GM","","","GEO","2381","","","1982","M",""
"Garcia Martinez, Silvino","GM","","FST","CUB","2325","","","1944","M","i"
"Garcia Palermo, Carlos","GM","","FT","ITA","2450","","","1953","M",""
"Garcia, Gildardo","GM","","","COL","2389","","","1954","M",""
"Gareev, Timur","GM","","","USA","2653","","2634","1988","M",""
"Gasanov, Eldar","GM","","","UKR","2465","2435","2482","1982","M",""
"Gashimov, Vugar","GM","","","AZE","2737","","","1986","M","i"
"Gausel, Einar","GM","","","NOR","2501","","","1963","M",""
"Gavrikov, Viktor","GM","","","LTU","2514","","","1957","M","i"
"Gavrilov, Alexei","GM","","","RUS","2452","2437","2430","1960","M",""
"Gazarian, Aram","GM","","","RUS","2513","","","1983","M","i"
"Gdanski, Jacek","GM","","","POL","2518","2503","2444","1970","M",""
"Gelashvili, Tamaz","GM","","","GEO","2590","","2627","1978","M",""
"Gelfand, Boris","GM","","","ISR","2777","2718","2719","1968","M",""
"Geller, Jakov","GM","","","RUS","2542","2539","2556","1986","M",""
"Genov, Petar","GM","","","BUL","2456","2461","2469","1970","M",""
"Georgiev, Kiril","GM","","","BUL","2648","2601","2606","1965","M",""
"Georgiev, Krum","GM","","","BUL","2457","","","1958","M",""
"Georgiev, Vladimir","GM","","","MKD","2549","2561","","1975","M",""
"Gershon, Alik","GM","","","ISR","2482","","","1980","M",""
"Ghaem Maghami, Ehsan","GM","","","IRI","2561","2542","2531","1982","M",""
"Ghane, Shojaat","GM","","","IRI","2321","","","1975","M",""
"Gharamian, Tigran","GM","","","FRA","2658","2652","2656","1984","M",""
"Gheorghiu, Florin","GM","","","ROU","2382","","","1944","M",""
"Giaccio, Alfredo","GM","","","ARG","2492","2477","","1970","M",""
"Ginsburg, Gennadi","GM","","","GER","2503","2496","","1971","M",""
"Giorgadze, Giorgi","GM","","FA","GEO","2584","","","1964","M","i"
"Giorgadze, Tamaz","GM","","FST","GEO","2504","","","1947","M","i"
"Giri, Anish","GM","","","NED","2732","2700","2747","1994","M",""
"Gleizerov, Evgeny","GM","","","RUS","2548","2623","2500","1963","M",""
"Glek, Igor","GM","",",IO","GER","2463","2473","2547","1961","M",""
"Godena, Michele","GM","","","ITA","2501","2527","2536","1967","M",""
"Gofshtein, Leonid","GM","","","ISR","2476","2460","2458","1953","M",""
NA,NA,NA,NA,NA,NA,NA,NA,NA,NA,NA
