"Name","T","WT","Oth. T.","Fed","Rtg","Rpd","Blz","B-Year","S","F"
"Saric, Ante","GM","","FT","CRO","2565","2539","2554","1984","M",""
"Saric, Ibro","GM","","","BIH","2562","","","1982","M",""
"Saric, Ivan","GM","","","CRO","2639","2596","2629","1990","M",""
"Sasikiran, Krishnan","GM","","","IND","2660","2657","2698","1981","M",""
"Savchenko, Boris","GM","","","RUS","2602","2580","2689","1986","M",""
"Savchenko, Stanislav","GM","","","UKR","2503","","2457","1967","M",""
"Savic, Miodrag R","GM","","","SRB","2543","2524","","1977","M",""
"Sax, Gyula","GM","","IA","HUN","2478","","","1951","M",""
"Schandorff, Lars","GM","","","DEN","2522","","","1965","M",""
"Schebler, Gerhard","GM","","","GER","2451","2417","2448","1969","M",""
"Schlosser, Philipp","GM","","","GER","2602","2579","","1968","M",""
"Schmaltz, Roland","GM","","","GER","2546","","","1974","M",""
"Schmidt, Wlodzimierz","GM","","FST","POL","2375","2328","2238","1943","M",""
"Schmittdiel, Eckhard","GM","","","GER","2435","","","1960","M",""
"Schussler, Harry","GM","","","SWE","2416","","","1957","M",""
"Schwartzman, Gabriel","GM","","","USA","2533","","","1976","M","i"
"Sebag, Marie","GM","WGM","","FRA","2527","2502","","1986","F",""
"Sebenik, Matej","GM","","","SLO","2495","2545","2556","1983","M",""
"Sedlak, Nikola","GM","","","SRB","2586","2576","","1983","M",""
"Seferjan, Narek","GM","","","ARM","2416","","","1974","M","i"
"Seirawan, Yasser","GM","","FST","USA","2620","2641","2598","1960","M",""
"Sengupta, Deep","GM","","","IND","2580","2571","2526","1988","M",""
"Seres, Lajos","GM","","","HUN","2442","2461","","1973","M",""
"Sergeev, Vladimir","GM","","","UKR","2432","2552","2475","1964","M",""
"Sermek, Drazen","GM","","","CRO","2501","","","1969","M","i"
"Serper, Grigory","GM","","","USA","2522","","","1969","M","i"
"Sethuraman, S.P.","GM","","","IND","2582","2579","2465","1993","M",""
"Sevillano, Enrico","GM","","","USA","2484","","2500","1968","M",""
"Shabalov, Alexander","GM","","","USA","2546","","","1967","M",""
"Shaked, Tal","GM","","","USA","2468","","","1978","M","i"
"Shalnev, Nikolai","GM","","","GER","2310","","","1944","M",""
"Shanava, Konstantine","GM","","","GEO","2567","2540","2524","1985","M",""
"Shankland, Samuel L","GM","","","USA","2591","","2601","1991","M",""
"Shaposhnikov, Evgeny","GM","","","RUS","2552","","2575","1981","M",""
"Sharapov, Evgeny","GM","","","UKR","2398","2360","2366","1981","M",""
"Sharavdorj, Dashzegve","GM","","FT","MGL","2426","","2477","1974","M",""
"Shariyazdanov, Andrey","GM","","","RUS","2572","2563","","1976","M",""
"Shaw, John","GM","","","SCO","2422","","2410","1968","M",""
"Shchekachev, Andrei","GM","","","FRA","2527","2516","2540","1972","M",""
"Shcherbakov, Ruslan","GM","","","RUS","2492","2501","","1969","M",""
"Shengelia, David","GM","","","AUT","2565","2515","","1980","M",""
"Sher, Miron N","GM","","FST","USA","2404","","","1952","M","i"
"Sherzer, Alex","GM","","","USA","2504","","","1971","M","i"
"Shimanov, Aleksandr","GM","","","RUS","2655","2638","2616","1992","M",""
"Shipov, Sergei","GM","","","RUS","2541","2543","","1966","M","i"
"Shirov, Alexei","GM","","","LAT","2696","2706","2675","1972","M",""
"Shishkin, Vadim","GM","","","UKR","2508","","","1969","M",""
"Shkuro, Iuri","GM","","","UKR","2566","2493","2525","1982","M","i"
"Shneider, Aleksandr","GM","","","UKR","2506","","","1962","M",""
"Shomoev, Anton","GM","","","RUS","2579","2602","2473","1981","M",""
"Short, Nigel D","GM","","","ENG","2684","2711","2678","1965","M",""
"Shtyrenkov, Veniamen","GM","","","RUS","2350","","","1958","M",""
"Shulman, Yury","GM","","","USA","2549","","","1975","M",""
"Shvyrjov, Igor","GM","","","EST","2450","2351","","1955","M",""
"Shyam, Sundar M.","GM","","","IND","2536","2447","2412","1992","M",""
"Siebrecht, Sebastian","GM","","","GER","2495","","","1973","M",""
"Sigurjonsson, Gudmundur","GM","","","ISL","2463","","","1947","M","i"
"Sikula, Vaszilij","GM","","","UKR","2525","","","1981","M","i"
"Simantsev, Mikhail","GM","","","UKR","2480","2493","2520","1978","M",""
"Simic, Radoslav","GM","","","SRB","2373","","","1948","M","i"
"Simonian, Hrair","GM","","","ARM","2454","2453","2453","1991","M",""
"Simutowe, Amon","GM","","","ZAM","","","","1982","M","i"
"Sisniega Campbell, Marcel","GM","","","MEX","2435","","","1959","M","i"
"Sjugirov, Sanan","GM","","","RUS","2635","2679","2644","1993","M",""
"Skatchkov, Pavel","GM","","","RUS","2457","2421","2475","1979","M",""
"Skembris, Spyridon","GM","","FST","GRE","2442","","","1958","M",""
"Skoberne, Jure","GM","","","SLO","2573","2546","2528","1987","M",""
"Skorchenko, Dmitriy","GM","","","RUS","2507","2481","","1983","M","i"
"Slipak, Sergio","GM","","","ARG","2444","2439","2412","1965","M",""
"Slobodjan, Roman","GM","","","GER","2509","","","1975","M",""
"Smagin, Sergey","GM","","","RUS","2551","2486","2399","1958","M","i"
"Smeets, Jan","GM","","","NED","2623","","","1985","M",""
"Smejkal, Jan","GM","","","CZE","2504","","","1946","M","i"
"Smerdon, David","GM","","","AUS","2521","","","1984","M",""
"Smirin, Ilia","GM","","","ISR","2663","2616","2735","1968","M",""
"Smirnov, Igor","GM","","","UKR","2496","","","1987","M","i"
"Smirnov, Pavel","GM","","","RUS","2634","2667","2532","1982","M",""
"So, Wesley","GM","","","PHI","2710","2642","2734","1993","M",""
"Socko, Bartosz","GM","","","POL","2646","2640","2618","1978","M",""
"Socko, Monika","GM","WGM","","POL","2431","2479","2425","1978","F",""
"Soffer, Ram","GM","","","ISR","2468","2380","2484","1965","M",""
"Sokolov, Andrei","GM","","","FRA","2558","2565","","1963","M",""
"Sokolov, Ivan","GM","","","NED","2656","","2583","1968","M",""
"Solak, Dragan","GM","","","TUR","2592","","2496","1980","M",""
"Solleveld, Maarten","GM","","","NED","2521","","","1979","M",""
"Solodovnichenko, Yuri","GM","","","UKR","2570","2564","2518","1978","M",""
"Solozhenkin, Evgeniy","GM","","","RUS","2476","2459","2433","1966","M",""
"Soltis, Andrew E","GM","","","USA","2407","","","1947","M","i"
"Sorin, Ariel","GM","","","ARG","2448","2458","","1967","M",""
"Sosonko, Gennadi","GM","","FST","NED","2520","","","1943","M","i"
"Spangenberg, Hugo","GM","","","ARG","2487","","","1975","M","i"
"Spasov, Vasil","GM","","","BUL","2573","","","1971","M",""
"Spassky, Boris V.","GM","","","RUS","2548","","","1937","M","i"
"Spassov, Liuben","GM","","","BUL","2327","","","1943","M",""
"Speelman, Jon S","GM","","","ENG","2503","","2562","1956","M",""
"Spiridonov, Nikola","GM","","","BUL","2244","","","1938","M",""
"Spoelman, Wouter","GM","","","NED","2582","","2534","1990","M",""
"Spraggett, Kevin","GM","","","CAN","2568","2548","","1954","M",""
"Sriram, Jha","GM","","","IND","2432","2411","2392","1976","M",""
"Stanec, Nikolaus","GM","","","AUT","2515","","","1968","M",""
NA,NA,NA,NA,NA,NA,NA,NA,NA,NA,NA
