"Name","T","WT","Oth. T.","Fed","Rtg","Rpd","Blz","B-Year","S","F"
"Barcenilla, Rogelio","GM","","","PHI","2476","","","1972","M",""
"Barczay, Laszlo","GM","","","HUN","2381","","","1936","M","i"
"Bareev, Evgeny","GM","","","RUS","2663","2664","2678","1966","M","i"
"Barlov, Dragan","GM","","","SRB","2449","","","1957","M",""
"Baron, Tal","GM","","","ISR","2469","2455","","1992","M",""
"Barrientos, Sergio E","GM","","","COL","2475","2444","2428","1986","M",""
"Barsov, Alexei","GM","","","UZB","2530","2521","2468","1966","M",""
"Bartel, Mateusz","GM","","","POL","2619","2619","2562","1985","M",""
"Barua, Dibyendu","GM","","","IND","2452","","","1966","M",""
"Barus, Cerdas","GM","","","INA","2396","","","1962","M",""
"Baryshpolets, Andrey","GM","","","UKR","2544","2479","2541","1991","M",""
"Batchuluun, Tsegmed","GM","","","MGL","2529","2508","2429","1987","M",""
"Batyrov, Sapar","GM","","","TKM","2409","","","1967","M","i"
"Bauer, Christian","GM","","","FRA","2633","2631","2670","1977","M",""
"Becerra Rivero, Julio","GM","","","USA","2547","","","1973","M",""
"Bedia, Melor","GM","","","RUS","2461","2414","2436","1979","M",""
"Beim, Valeri","GM","","","AUT","2502","","","1950","M","i"
"Beliavsky, Alexander G","GM","","FST","SLO","2651","","","1953","M",""
"Belikov, Vladimir","GM","","","RUS","2473","2469","","1971","M",""
"Belkhodja, Slim","GM","","","TUN","2432","2437","","1962","M",""
"Bellon Lopez, Juan Manuel","GM","","","ESP","2378","","","1950","M",""
"Belous, Vladimir","GM","","","RUS","2551","2552","2666","1993","M",""
"Belov, Vladimir","GM","","","RUS","2628","2575","2614","1984","M",""
"Belozerov, Andrei","GM","","","RUS","2513","2578","2540","1977","M",""
"Benjamin, Joel","GM","","","USA","2547","","","1964","M",""
"Benko, Pal C","GM","","","USA","2408","","","1928","M","i"
"Berczes, David","GM","","","HUN","2548","","2519","1990","M",""
"Berdichevski, Igor","GM","","FT","RUS","2555","","","1964","M","i"
"Berelowitsch, Alexander","GM","","","GER","2546","2552","","1967","M",""
"Berescu, Alin-Mile","GM","","","ROU","2470","","","1980","M",""
"Berg, Emanuel","GM","","","SWE","2539","","","1981","M",""
"Berkes, Ferenc","GM","","","HUN","2678","","","1985","M",""
"Bernasek, Jan","GM","","","CZE","2535","2535","2480","1986","M",""
"Beshukov, Sergei","GM","","","RUS","2441","","","1971","M",""
"Bezgodov, Alexei","GM","","","RUS","2482","2509","2522","1969","M",""
"Bezold, Michael","GM","","","GER","2524","","","1972","M",""
"Bhat, Vinay S.","GM","","","USA","2511","","","1984","M","i"
"Bindrich, Falko","GM","","","GER","2558","","","1990","M",""
"Bischoff, Klaus","GM","","","GER","2500","","2477","1961","M",""
"Bisguier, Arthur B","GM","","","USA","2181","","","1929","M",""
"Bistric, Faruk","GM","","","BIH","2363","","","1958","M","i"
"Bitoon, Richard","GM","","","PHI","2407","2473","2384","1975","M",""
"Biyiasas, Peter","GM","","","USA","2450","","","1950","M","i"
"Blagojevic, Dragisa","GM","","","MNE","2529","2508","","1966","M",""
"Blatny, Pavel","GM","","","CZE","2414","2421","2417","1968","M",""
"Blehm, Pawel","GM","","","POL","2505","","","1980","M","i"
"Bluvshtein, Mark","GM","","","CAN","2590","","","1988","M","i"
"Bobras, Piotr","GM","","","POL","2532","","","1977","M",""
"Bocharov, Dmitry","GM","","","RUS","2607","2597","2637","1982","M",""
"Boensch, Uwe","GM","","FST","GER","2528","","","1958","M",""
"Bogdanovski, Vlatko","GM","","","MKD","2447","2425","2433","1964","M",""
"Bogner, Sebastian","GM","","","GER","2548","","","1991","M",""
"Bogosavljevic, Boban","GM","","","SRB","2552","","","1988","M",""
"Bojkov, Dejan","GM","","FST","BUL","2505","","","1977","M",""
"Bologan, Viktor","GM","","FST","MDA","2672","2686","2635","1971","M",""
"Borges Matos, Juan","GM","","","CUB","2437","","2492","1966","M",""
"Borisek, Jure","GM","","","SLO","2555","","","1986","M",""
"Boros, Denes","GM","","","HUN","2502","2499","","1988","M",""
"Borovikov, Vladislav","GM","","","UKR","2564","","","1973","M",""
"Bosiocic, Marin","GM","","","CRO","2563","2521","2613","1988","M",""
"Bouaziz, Slim","GM","","FT","TUN","2338","","","1950","M","i"
"Brandenburg, Daan","GM","","","NED","2534","","","1987","M","i"
"Braun, Arik","GM","","","GER","2570","","","1988","M",""
"Brenjo, Slavisa","GM","","","SRB","2493","","","1974","M",""
"Bricard, Emmanuel","GM","","","FRA","2458","","","1966","M",""
"Brkic, Ante","GM","","","CRO","2575","","2509","1988","M",""
"Brodsky, Michail","GM","","FST","UKR","2561","2544","","1969","M",""
"Browne, Walter S.","GM","","","USA","2454","","2448","1949","M",""
"Brunello, Sabino","GM","","","ITA","2607","2631","2640","1989","M",""
"Brunner, Lucas","GM","","","SUI","2449","","","1967","M",""
"Bruzon Batista, Lazaro","GM","","","CUB","2698","","2755","1982","M",""
"Brynell, Stellan","GM","","","SWE","2481","","","1962","M",""
"Bryzgalin, Kirill","GM","","","RUS","2465","2584","2501","1982","M",""
"Bu, Xiangzhi","GM","","","CHN","2667","2661","2634","1985","M",""
"Buhmann, Rainer","GM","","","GER","2583","2598","","1981","M",""
"Bui, Vinh","GM","","FT","VIE","2411","","","1976","M",""
"Bukavshin, Ivan","GM","","","RUS","2539","2609","2671","1995","M",""
"Bukic, Enver","GM","","","SLO","2383","","","1937","M","i"
"Bulski, Krzysztof","GM","","","POL","2535","2526","2519","1987","M",""
"Bunzmann, Dimitrij","GM","","","GER","2464","","","1982","M",""
"Burmakin, Vladimir","GM","","","RUS","2565","2551","","1967","M",""
"Butnorius, Algimantas","GM","","","LTU","2369","2340","","1946","M",""
"Bykhovsky, Anatoly","GM","","","ISR","2519","","2497","1988","M",""
"Bykhovsky, Avigdor","GM","","","RUS","2433","2465","2401","1955","M",""
"Byrne, Robert E","GM","","","USA","2434","","","1928","M","i"
"Cabrera, Alexis","GM","","","ESP","2544","","","1976","M",""
"Cabrilo, Goran","GM","","","SRB","2388","2426","2509","1958","M",""
"Campora, Daniel H.","GM","","","ARG","2474","","","1957","M",""
"Campos Moreno, Javier B.","GM","","","CHI","2482","","","1959","M",""
"Can, Emre","GM","","","TUR","2513","","2423","1990","M",""
"Cao, Sang","GM","","","VIE","2477","","2528","1973","M",""
"Carlsen, Magnus","GM","","","NOR","2862","2845","2837","1990","M",""
"Carlsson, Pontus","GM","","","SWE","2499","","2511","1982","M",""
"Caruana, Fabiano","GM","","","ITA","2796","","2697","1992","M",""
"Castaneda, Georgui","GM","","","PER","2500","2516","2528","1976","M",""
"Cebalo, Miso","GM","","FST","CRO","2440","2442","2430","1945","M",""
"Chabanon, Jean-Luc","GM","","","FRA","2473","","2448","1971","M",""
"Chadaev, Nikolai","GM","","","RUS","2591","2625","2733","1988","M",""
"Chandler, Murray G","GM","","","NZL","2518","","","1960","M","i"
"Charbonneau, Pascal","GM","","","CAN","2505","","","1983","M",""
NA,NA,NA,NA,NA,NA,NA,NA,NA,NA,NA
