"Name","T","WT","Oth. T.","Fed","Rtg","Rpd","Blz","B-Year","S","F"
"Stangl, Markus","GM","","","GER","2442","","","1969","M",""
"Stanojoski, Zvonko","GM","","","MKD","2417","2406","2379","1964","M",""
"Starostits, Ilmars","GM","","","LAT","2475","2486","2469","1979","M",""
"Stean, Michael F","GM","","","ENG","2500","","","1953","M","i"
"Stefanova, Antoaneta","GM","","FT","BUL","2497","2582","2508","1979","F",""
"Stefansson, Hannes","GM","","","ISL","2526","2510","","1972","M",""
"Steingrimsson, Hedinn","GM","","FST,FT","ISL","2549","","","1975","M",""
"Stellwagen, Daniel","GM","","","NED","2604","","","1987","M",""
"Stevic, Hrvoje","GM","","","CRO","2626","","2579","1980","M",""
"Stocek, Jiri","GM","","","CZE","2558","2550","2532","1977","M",""
"Stohl, Igor","GM","","FST","SVK","2523","","","1964","M",""
"Stojanovic, Dalibor","GM","","","BIH","2514","","","1983","M",""
"Stojanovic, Mihajlo","GM","","","SRB","2565","2592","2605","1977","M",""
"Strikovic, Aleksa","GM","","","SRB","2533","","","1961","M",""
"Stripunsky, Alexander","GM","","","USA","2551","","2575","1970","M",""
"Stupak, Kirill","GM","","","BLR","2492","2542","2555","1990","M",""
"Sturua, Zurab","GM","","FST","GEO","2524","2525","","1959","M","i"
"Suba, Mihai","GM","","","ROU","2402","2379","","1947","M",""
"Sulava, Nenad","GM","","","CRO","2480","","2462","1962","M",""
"Sulskis, Sarunas","GM","","","LTU","2550","2555","2524","1972","M",""
"Sulypa, Oleksandr","GM","","","UKR","2483","2437","2394","1972","M",""
"Sumets, Andrey","GM","","","UKR","2577","2577","2611","1980","M",""
"Summerscale, Aaron P","GM","","","ENG","2423","2429","","1969","M","i"
"Sundararajan, Kidambi","GM","","","IND","2458","2402","2454","1982","M",""
"Sunye Neto, Jaime","GM","","","BRA","2486","","","1957","M","i"
"Suradiradja, Herman","GM","","","INA","2215","","","1947","M",""
"Sutovsky, Emil","GM","","","ISR","2660","2663","","1977","M",""
"Suttles, Duncan","GM","","","CAN","2420","","","1945","M","i"
"Sveshnikov, Evgeny","GM","","","LAT","2524","2553","2480","1950","M",""
"Svetushkin, Dmitry","GM","","","MDA","2608","2628","2483","1980","M",""
"Svidler, Peter","GM","","","RUS","2746","2761","2757","1976","M",""
"Swiercz, Dariusz","GM","","","POL","2654","2588","2571","1994","M",""
"Swinkels, Robin","GM","","","NED","2535","","","1989","M",""
"Szabo, Gergely-Andras-Gyula","GM","","FT","ROU","2550","2522","2555","1983","M",""
"Szabo, Krisztian","GM","","","HUN","2561","2566","2541","1989","M",""
"Tadic, Branko","GM","","","SRB","2486","2506","","1973","M",""
"Tahirov, Farhad","GM","","","AZE","2452","","","1987","M","i"
"Taimanov, Mark E","GM","","","RUS","2386","","","1926","M","i"
"Taleb, Moussa","GM","","","UAE","2406","","2295","1978","M","i"
"Talla, Vladimir","GM","","IA,FT","CZE","2374","","","1973","M",""
"Tarjan, James E","GM","","","USA","2525","","","1952","M","i"
"Temirbayev, Serikbay","GM","","FA","KAZ","2364","2419","2425","1961","M",""
"Ter-Sahakyan, Samvel","GM","","","ARM","2575","","","1993","M",""
"Teske, Henrik","GM","","","GER","2536","","","1968","M",""
"Teterev, Vitaly","GM","","","BLR","2499","","","1983","M",""
"Thipsay, Praveen M","GM","","","IND","2419","2389","2389","1959","M",""
"Thorhallsson, Throstur","GM","","","ISL","2449","2457","","1969","M",""
"Tihonov, Jurij","GM","","","BLR","2404","","2448","1978","M",""
"Tikkanen, Hans","GM","","","SWE","2544","","","1985","M",""
"Timman, Jan H","GM","","","NED","2584","2592","2500","1951","M",""
"Timofeev, Artyom","GM","","","RUS","2610","2605","2574","1985","M",""
"Timoscenko, Gennadij","GM","","FST","SVK","2473","","","1949","M",""
"Timoshenko, Georgy","GM","","","UKR","2518","","","1966","M",""
"Tischbierek, Raj","GM","","","GER","2422","","2458","1962","M",""
"Tisdall, Jonathan D","GM","","","NOR","2437","","","1958","M",""
"Tishin, Petr","GM","","","RUS","2421","","","1976","M",""
"Tiviakov, Sergei","GM","","","NED","2656","2596","2689","1973","M",""
"Tkachiev, Vladislav","GM","","","FRA","2637","2675","2688","1973","M",""
"Todorcevic Antic, Miodrag","GM","","","ESP","2401","","","1940","M",""
"Todorov, Todor","GM","","","BUL","2480","","","1974","M",""
"Todorovic, Goran M","GM","","","SRB","2488","2483","","1963","M",""
"Tolnai, Tibor","GM","","","HUN","2477","","","1964","M","i"
"Tomashevsky, Evgeny","GM","","","RUS","2706","2718","2719","1987","M",""
"Tomczak, Jacek","GM","","","POL","2574","2571","2572","1990","M",""
"Topalov, Veselin","GM","","","BUL","2769","2790","2666","1975","M",""
"Torre, Eugenio","GM","","FST","PHI","2462","","2444","1951","M",""
"Tosic, Miroslav","GM","","","SRB","2412","2430","2348","1960","M",""
"Totsky, Leonid","GM","","","RUS","2469","2494","","1967","M","i"
"Toufighi, Homayoon","GM","","","IRI","2455","","","1990","M",""
"Trajkovic, Predrag","GM","","FT","SRB","2463","","","1970","M","i"
"Tratar, Marko","GM","","","SLO","2503","2521","","1974","M",""
"Tregubov, Pavel V.","GM","","FST,FT","RUS","2608","2558","2565","1971","M",""
"Tseitlin, Mark D","GM","","","ISR","2388","2353","2363","1943","M",""
"Tu, Hoang Thong","GM","","","VIE","2414","","2488","1972","M",""
"Tukhaev, Adam","GM","","","UKR","2520","2630","2498","1988","M",""
"Tukmakov, Vladimir B","GM","","FST","UKR","2545","","","1946","M",""
"Tunik, Gennady","GM","","","RUS","2419","2446","2458","1953","M",""
"Turner, Matthew J","GM","","","SCO","2514","2469","","1975","M",""
"Turov, Maxim","GM","","","RUS","2588","2586","2586","1979","M",""
"Tyomkin, Dimitri","GM","","","CAN","2473","","","1977","M",""
"Ubilava, Elizbar","GM","","FST","ESP","2498","2487","","1950","M",""
"Uhlmann, Wolfgang","GM","","","GER","2340","","","1935","M",""
"Ulibin, Mikhail","GM","","","RUS","2553","2521","2442","1971","M",""
"Urday, Henry","GM","","","PER","2482","","","1967","M","i"
"Ushenina, Anna","GM","WGM","","UKR","2500","2485","2489","1985","F",""
"Vachier-Lagrave, Maxime","GM","","","FRA","2719","2733","2825","1990","M",""
"Vaganian, Rafael A","GM","","","ARM","2570","","","1951","M","i"
"Vaibhav, Suri","GM","","","IND","2526","","2541","1997","M",""
"Vaisser, Anatoly","GM","","","FRA","2544","2512","2474","1949","M",""
"Vajda, Levente","GM","","","ROU","2613","2574","2598","1981","M",""
"Vakhidov, Tahir","GM","","","UZB","2446","2487","2503","1963","M",""
"Valerga, Diego","GM","","","ARG","2490","2477","2515","1971","M",""
"Vallejo Pons, Francisco","GM","","","ESP","2706","2718","2627","1982","M",""
"Van Den Doel, Erik","GM","","","NED","2562","","","1979","M",""
"Van Der Sterren, Paul","GM","","","NED","2484","","","1956","M",""
"Van Der Weide, Karel","GM","","","NED","2448","","","1973","M",""
"Van Der Wiel, John T.H.","GM","","","NED","2428","","","1959","M",""
"Van Kampen, Robin","GM","","","NED","2606","","2478","1994","M",""
"Van Wely, Loek","GM","","","NED","2701","","2644","1972","M",""
"Varavin, Viktor","GM","","","RUS","2442","2397","","1967","M",""
NA,NA,NA,NA,NA,NA,NA,NA,NA,NA,NA
