"Name","T","WT","Oth. T.","Fed","Rtg","Rpd","Blz","B-Year","S","F"
"Naumann, Alexander","GM","","","GER","2543","","","1979","M",""
"Naumkin, Igor","GM","","","RUS","2460","2484","2516","1965","M",""
"Navara, David","GM","","","CZE","2702","2648","2705","1985","M",""
"Nedev, Trajko","GM","","","MKD","2505","2517","2450","1973","M",""
"Neelotpal, Das","GM","","","IND","2427","","2431","1982","M",""
"Negi, Parimarjan","GM","","","IND","2633","2631","2578","1993","M",""
"Neiksans, Arturs","GM","","","LAT","2560","2594","2553","1983","M",""
"Nepomniachtchi, Ian","GM","","","RUS","2732","2797","2816","1990","M",""
"Nesterov, Yakov","GM","","","KAZ","2448","2413","","1966","M","i"
"Neuman, Petr","GM","","","CZE","2492","2450","2529","1978","M",""
"Nevednichy, Vladislav","GM","","","ROU","2603","2549","2617","1969","M",""
"Neverov, Valeriy","GM","","","UKR","2519","2469","2393","1964","M",""
"Nevostrujev, Vladimir","GM","","","RUS","2409","2486","","1966","M",""
"Nguyen, Anh Dung","GM","","FT","VIE","2469","","2447","1976","M",""
"Nguyen, Ngoc Truong Son","GM","","","VIE","2613","2660","2762","1990","M",""
"Ni, Hua","GM","","","CHN","2658","2663","2572","1983","M",""
"Nielsen, Peter Heine","GM","","","DEN","2652","","","1973","M",""
"Nijboer, Friso","GM","","","NED","2538","","","1965","M",""
"Nikcevic, Nebojsa","GM","","","MNE","2429","2369","2324","1965","M",""
"Nikitin, Andrey","GM","","","RUS","2443","2431","","1974","M",""
"Nikolac, Juraj","GM","","","CRO","2428","","","1932","M","i"
"Nikolaidis, Ioannis","GM","","","GRE","2558","2573","2551","1971","M",""
"Nikolenko, Oleg","GM","","","RUS","2515","2497","2487","1959","M",""
"Nikolic, Predrag","GM","","","BIH","","","2606","1960","M",""
"Nikolic, Stanimir","GM","","","SRB","2265","","","1935","M",""
"Nikolov, Momchil","GM","","","BUL","2526","2542","","1985","M",""
"Ninov, Nikolai","GM","","","BUL","2476","","","1969","M",""
"Nisipeanu, Liviu-Dieter","GM","","","ROU","2691","2634","2614","1976","M",""
"Nogueiras Santiago, Jesus","GM","","FST","CUB","2501","","2530","1959","M",""
"Norwood, David R","GM","","","AND","2502","","","1968","M",""
"Novik, Maxim","GM","","","RUS","2467","2454","2456","1970","M",""
"Novikov, Igor A","GM","","","USA","2563","","","1962","M","i"
"Novikov, Maxim","GM","","","RUS","2500","2513","2528","1972","M",""
"Novikov, Stanislav","GM","","","RUS","2554","2587","","1985","M",""
"Nunn, John D M","GM","","","ENG","2602","","","1955","M","i"
"Nyback, Tomi","GM","","","FIN","2589","2576","","1985","M",""
"Nyzhnyk, Illya","GM","","","UKR","2624","2607","2612","1996","M",""
"Obukhov, Alexander","GM","","","RUS","2372","","","1969","M","i"
"Odeev, Handszar","GM","","","TKM","2428","","","1972","M",""
"Ogaard, Leif","GM","","","NOR","2404","","","1952","M","i"
"Okhotnik, Vladimir","GM","","","FRA","2387","2444","2379","1950","M",""
"Olafsson, Fridrik","GM","","","ISL","2406","","","1935","M",""
"Olafsson, Helgi","GM","","FST","ISL","2546","2542","2569","1956","M",""
"Oleksienko, Mikhailo","GM","","","UKR","2630","2578","2493","1986","M",""
"Olszewski, Michal","GM","","","POL","2551","2564","2574","1989","M",""
"Oms Pallisse, Josep","GM","","","ESP","2453","","","1973","M",""
"Onischuk, Alexander","GM","","","USA","2679","","","1975","M",""
"Onischuk, Vladimir","GM","","","UKR","2594","2613","2565","1991","M",""
"Oparin, Grigoriy","GM","","","RUS","2517","2547","2490","1997","M",""
"Oral, Tomas","GM","","","CZE","2528","","","1977","M","i"
"Oratovsky, Michael","GM","","","ISR","2499","","","1974","M",""
"Orlov, Andrey","GM","","","RUS","2496","2552","","1977","M",""
"Ortega, Lexy","GM","","FT","ITA","2475","2484","2440","1960","M",""
"Ortiz Suarez, Isan Reynaldo","GM","","","CUB","2601","2587","2487","1985","M",""
"Ostenstad, Berge","GM","","","NOR","2487","2430","","1964","M",""
"Ovetchkin, Roman","GM","","","RUS","2542","2512","2443","1973","M",""
"Ovsejevitsch, Sergei","GM","","","UKR","2574","2592","","1974","M",""
"Padevsky, Nikola","GM","","","BUL","2355","","","1933","M","i"
"Paehtz, Thomas","GM","","","GER","2375","","","1956","M",""
"Paichadze, Luka","GM","","","GEO","2544","2561","2485","1991","M",""
"Palac, Mladen","GM","","FT","CRO","2561","2593","2588","1971","M",""
"Palatnik, Semon","GM","","FST,IO","USA","2455","","","1950","M","i"
"Palo, Davor","GM","","","DEN","2552","","","1985","M",""
"Panarin, Mikhail","GM","","","RUS","2555","2580","2523","1983","M",""
"Panchanathan, Magesh Chandran","GM","","","IND","2557","","","1983","M",""
"Panno, Oscar","GM","","","ARG","2438","","","1935","M","i"
"Pantsulaia, Levan","GM","","","GEO","2614","2644","2643","1986","M",""
"Pap, Gyula","GM","","","HUN","2538","2563","2555","1991","M",""
"Pap, Misa","GM","","","SRB","2494","2494","2517","1979","M",""
"Papadopoulos, Ioannis K.","GM","","","GRE","2414","","","1988","M",""
"Papaioannou, Ioannis","GM","","","GRE","2642","2614","","1976","M",""
"Papin, Vasily","GM","","","RUS","2510","2451","2531","1988","M",""
"Papp, Gabor","GM","","","HUN","2582","","2567","1987","M",""
"Paragua, Mark","GM","","","PHI","2499","2538","2430","1984","M",""
"Parker, Jonathan F","GM","","","ENG","2522","","","1976","M",""
"Parligras, Mircea-Emilian","GM","","","ROU","2571","2652","","1980","M",""
"Parma, Bruno","GM","","","SLO","2480","","","1941","M","i"
"Pashikian, Arman","GM","","","ARM","2605","","","1987","M",""
"Paunovic, Dragan","GM","","","SRB","2507","","","1961","M",""
"Pavasovic, Dusko","GM","","","SLO","2564","","","1976","M",""
"Pavlovic, Milos","GM","","","SRB","2512","2544","2494","1964","M",""
"Pelletier, Yannick","GM","","","SUI","2573","2644","","1976","M",""
"Peng, Xiaomin","GM","","","CHN","2591","","","1973","M","i"
"Peng, Zhaoqin","GM","WGM","FI","NED","2398","","","1968","F",""
"Penrose, Jonathan","GM","","","ENG","2405","","","1933","M","i"
"Peralta, Fernando","GM","","","ARG","2603","2592","2599","1979","M",""
"Perelshteyn, Eugene","GM","","","USA","2498","","","1980","M",""
"Perez Candelario, Manuel","GM","","","ESP","2561","2449","","1983","M",""
"Perez Mitjans, Orelvis","GM","","","ESP","2402","2465","","1976","M",""
"Perez Ponsa, Federico","GM","","","ARG","2521","2488","2477","1993","M",""
"Perez Rodriguez, Luis Manuel","GM","","","CUB","2388","","2442","1978","M",""
"Pert, Nicholas","GM","","","ENG","2554","","","1981","M",""
"Perunovic, Milos","GM","","","SRB","2622","2616","2632","1984","M",""
"Petkevich, Jusefs","GM","","","LAT","2376","2301","2333","1940","M",""
"Petkov, Vladimir","GM","","","BUL","2572","2513","","1971","M",""
"Petr, Martin","GM","","","CZE","2531","2559","","1988","M",""
"Petrik, Tomas","GM","","","SVK","2515","","","1980","M",""
"Petrosian, Arshak B","GM","","FST","ARM","2470","","","1953","M","i"
"Petrosian, Davit G.","GM","","","ARM","2452","","2506","1984","M",""
"Petrosian, Tigran L.","GM","","","ARM","2654","2655","2657","1984","M",""
NA,NA,NA,NA,NA,NA,NA,NA,NA,NA,NA
