"Name","T","WT","Oth. T.","Fed","Rtg","Rpd","Blz","B-Year","S","F"
"Pinter, Jozsef","GM","","","HUN","2546","","","1953","M",""
"Piorun, Kacper","GM","","","POL","2555","2535","2542","1991","M",""
"Piskov, Yury","GM","","","RUS","2442","","","1964","M","i"
"Plachetka, Jan","GM","","FST","SVK","2368","2362","","1945","M",""
"Plaskett, H James","GM","","","ENG","2490","2541","","1960","M",""
"Podolchenko, Evgeniy","GM","","","BLR","2447","","2418","1988","M",""
"Pogorelov, Ruslan","GM","","","UKR","2381","","2361","1959","M",""
"Polak, Tomas","GM","","","CZE","2503","","2553","1974","M",""
"Polgar, Judit","GM","","","HUN","2689","2669","","1976","F",""
"Polgar, Zsuzsa","GM","WIM","FST","USA","2577","","","1969","F","i"
"Poluljahov, Aleksandr","GM","","","RUS","2503","","","1965","M",""
"Polzin, Rainer","GM","","","GER","2434","","","1971","M",""
"Pomar Salamanca, Arturo","GM","","","ESP","2345","","","1931","M","i"
"Ponkratov, Pavel","GM","","","RUS","2603","2653","2654","1988","M",""
"Ponomariov, Ruslan","GM","","","UKR","2731","2748","2774","1983","M",""
"Popchev, Milko","GM","","","BUL","2417","","","1964","M",""
"Popilski, Gil","GM","","","ISR","2483","2557","2543","1993","M",""
"Popov, Ivan","GM","","","RUS","2652","2618","2611","1990","M",""
"Popov, Valerij","GM","","","RUS","2544","2570","2528","1974","M",""
"Popovic, Dusan","GM","","","SRB","2552","2554","2589","1983","M",""
"Popovic, Petar","GM","","","SRB","2459","","","1959","M",""
"Portisch, Lajos","GM","","","HUN","2464","2436","","1937","M",""
"Postny, Evgeny","GM","","","ISR","2635","2628","2610","1981","M",""
"Potapov, Alexander","GM","","","RUS","2399","2404","","1969","M",""
"Potkin, Vladimir","GM","","","RUS","2648","2667","2629","1982","M",""
"Pozo Vera, Sandro","GM","","","CUB","2468","","2482","1987","M",""
"Predojevic, Borki","GM","","","BIH","2602","","","1987","M",""
"Pridorozhni, Aleksei","GM","","","RUS","2517","2592","2561","1981","M",""
"Prie, Eric","GM","","","FRA","2487","","","1962","M",""
"Prohaszka, Peter","GM","","","HUN","2582","","","1992","M",""
"Prokopchuk, Evgeny","GM","","IO","RUS","2523","","","1978","M","i"
"Pruijssers, Roeland","GM","","","NED","2536","","2455","1989","M",""
"Prusikin, Michael","GM","","FT","GER","2547","","","1978","M",""
"Psakhis, Lev","GM","","FST","ISR","2524","","","1958","M","i"
"Pushkov, Nikolai","GM","","IA","RUS","2371","2332","2406","1946","M",""
"Quesada Perez, Yuniesky","GM","","","CUB","2639","","2592","1984","M",""
"Quinteros, Miguel A.","GM","","","ARG","2422","","","1947","M","i"
"Rabiega, Robert","GM","","","GER","2498","","","1971","M",""
"Radjabov, Teimour","GM","","","AZE","2715","2749","2755","1987","M",""
"Radulov, Ivan","GM","","","BUL","2245","2353","","1939","M",""
"Raetsky, Alexander","GM","","IA,FT,IO","RUS","2424","","2379","1961","M",""
"Ragger, Markus","GM","","","AUT","2672","2689","2635","1988","M",""
"Rahman, Ziaur","GM","","","BAN","2487","2542","","1974","M",""
"Raicevic, Vladimir","GM","","","SRB","2381","","","1949","M","i"
"Rajkovic, Dusan","GM","","","SRB","2389","2426","","1942","M",""
"Rakhmanov, Aleksandr","GM","","","RUS","2595","2558","2609","1989","M",""
"Ramesh, R.B.","GM","","","IND","2472","","","1976","M","i"
"Ramirez, Alejandro","GM","","","USA","2597","2579","2642","1988","M",""
"Rantanen, Yrjo A.","GM","","","FIN","2327","","2288","1950","M",""
"Rapport, Richard","GM","","","HUN","2680","2642","2598","1996","M",""
"Rashkovsky, Nukhim N","GM","","FST","RUS","2515","2525","","1946","M","i"
"Rasmussen, Allan Stig","GM","","","DEN","2486","","","1983","M",""
"Rasulov, Vugar","GM","","","AZE","2529","","2457","1991","M",""
"Rausis, Igors","GM","","","CZE","2551","2441","2511","1961","M",""
"Rechlis, Gad","GM","","","ISR","2483","","","1967","M",""
"Ree, Hans","GM","","","NED","2347","","","1944","M",""
"Reefat, Bin-Sattar","GM","","","BAN","2443","2448","","1974","M",""
"Reinderman, Dimitri","GM","","","NED","2586","","","1972","M",""
"Relange, Eloi","GM","","","FRA","2466","","","1976","M",""
"Renet, Olivier","GM","","","FRA","2478","","","1964","M",""
"Riazantsev, Alexander","GM","","FST","RUS","2689","2648","2744","1985","M",""
"Ribli, Zoltan","GM","","IA,FST","HUN","2575","","","1951","M",""
"Ricardi, Pablo","GM","","","ARG","2465","","","1962","M",""
"Ristic, Nenad","GM","","FT","SRB","2431","2402","","1958","M",""
"Rivas Pastor, Manuel","GM","","","ESP","2541","","","1960","M",""
"Rizouk, Aimen","GM","","","ALG","2527","","","1979","M",""
"Robson, Ray","GM","","","USA","2613","","2622","1994","M",""
"Rodriguez Cepedes, Amador","GM","","","ESP","2424","","","1956","M",""
"Rodriguez Guerrero, Enrique","GM","","","ESP","2436","2431","","1983","M",""
"Rodriguez Vargas, Orestes","GM","","","ESP","2365","","","1943","M",""
"Rodriguez Vila, Andres","GM","","","URU","2437","2465","","1973","M",""
"Rodshtein, Maxim","GM","","","ISR","2681","2616","2627","1989","M",""
"Rogers, Ian","GM","","","AUS","2545","","","1960","M","i"
"Rogic, Davor","GM","","","CRO","2561","","2579","1971","M",""
"Rogoff, Kenneth S","GM","","","USA","2505","","","1953","M","i"
"Rogovski, Vladimir","GM","","FT","UKR","2461","","","1965","M","i"
"Rogozenco, Dorian","GM","","","ROU","2516","","2409","1973","M",""
"Rohde, Michael A","GM","","","USA","2453","","2411","1959","M",""
"Roiz, Michael","GM","","","ISR","2614","2628","2669","1983","M",""
"Romanenko, Vladimir","GM","","","BLR","2496","","","1985","M",""
"Romanishin, Oleg M","GM","","","UKR","2497","","","1952","M",""
"Romanov, Evgeny","GM","","","RUS","2653","2572","2657","1988","M",""
"Rombaldoni, Axel","GM","","","ITA","2530","2488","2502","1992","M",""
"Romero Holmes, Alfonso","GM","","","ESP","2522","2479","","1965","M",""
"Rotstein, Arkadij","GM","","","GER","2497","","","1961","M",""
"Roussel-Roozmon, Thomas","GM","","","CAN","2466","","","1988","M",""
"Rowson, Jonathan","GM","","","SCO","2573","","","1977","M",""
"Roy Chowdhury, Saptarshi","GM","","","IND","2494","2495","2393","1982","M",""
"Rozentalis, Eduardas","GM","","","LTU","2618","2602","","1963","M",""
"Ruban, Vadim","GM","","","RUS","2545","","","1964","M","i"
"Rublevsky, Sergei","GM","","FST","RUS","2706","2685","2682","1974","M",""
"Ruck, Robert","GM","","","HUN","2563","","","1977","M",""
"Rusev, Krasimir","GM","","","BUL","2539","","","1983","M",""
"Rustemov, Alexander","GM","","","RUS","2538","","","1973","M",""
"Ruzele, Darius","GM","","","LTU","2531","","","1968","M","i"
"Rychagov, Andrey","GM","","","RUS","2535","2429","2470","1979","M",""
"Rychagov, Mikhail","GM","","FST","EST","2464","","","1967","M","i"
"Sadler, Matthew D","GM","","","ENG","2646","","2545","1974","M",""
"Sadorra, Julio Catalino","GM","","","PHI","2577","2531","2544","1986","M",""
"Sadvakasov, Darmen","GM","","","KAZ","2629","2601","2629","1979","M","i"
NA,NA,NA,NA,NA,NA,NA,NA,NA,NA,NA
