"Name","T","WT","Oth. T.","Fed","Rtg","Rpd","Blz","B-Year","S","F"
"Solleveld, Maarten","GM","","","NED","2524","","","1979","M",""
"Solodovnichenko, Yuri","GM","","","UKR","2586","2564","2544","1978","M",""
"Solozhenkin, Evgeniy","GM","","","RUS","2467","2459","2433","1966","M",""
"Soltis, Andrew E","GM","","","USA","2407","","","1947","M","i"
"Sorin, Ariel","GM","","","ARG","2455","2458","","1967","M",""
"Sosonko, Gennadi","GM","","FST","NED","2520","","","1943","M","i"
"Spangenberg, Hugo","GM","","","ARG","2487","","","1975","M","i"
"Spasov, Vasil","GM","","","BUL","2566","","","1971","M",""
"Spassky, Boris V.","GM","","","RUS","2548","","","1937","M","i"
"Spassov, Liuben","GM","","","BUL","2332","","","1943","M",""
"Speelman, Jon S","GM","","","ENG","2503","","2562","1956","M",""
"Spiridonov, Nikola","GM","","","BUL","2220","","","1938","M",""
"Spoelman, Wouter","GM","","","NED","2584","","2534","1990","M",""
"Spraggett, Kevin","GM","","","CAN","2544","2548","","1954","M",""
"Sriram, Jha","GM","","","IND","2432","2411","2392","1976","M",""
"Stanec, Nikolaus","GM","","","AUT","2502","","","1968","M",""
"Stangl, Markus","GM","","","GER","2442","","","1969","M",""
"Stanojoski, Zvonko","GM","","","MKD","2417","2406","2379","1964","M",""
"Starostits, Ilmars","GM","","","LAT","2455","2486","2469","1979","M",""
"Stean, Michael F","GM","","","ENG","2500","","","1953","M","i"
"Stefanova, Antoaneta","GM","","FT","BUL","2494","2582","2508","1979","F",""
"Stefansson, Hannes","GM","","","ISL","2539","2510","2540","1972","M",""
"Steingrimsson, Hedinn","GM","","FST,FT","ISL","2543","","","1975","M",""
"Stellwagen, Daniel","GM","","","NED","2604","","","1987","M",""
"Stevic, Hrvoje","GM","","","CRO","2611","","2579","1980","M",""
"Stocek, Jiri","GM","","","CZE","2543","2550","2496","1977","M",""
"Stohl, Igor","GM","","FST","SVK","2528","","","1964","M",""
"Stojanovic, Dalibor","GM","","","BIH","2508","2551","","1983","M",""
"Stojanovic, Mihajlo","GM","","","SRB","2559","2592","2605","1977","M",""
"Strikovic, Aleksa","GM","","","SRB","2529","2566","","1961","M",""
"Stripunsky, Alexander","GM","","","USA","2549","","2552","1970","M",""
"Stupak, Kirill","GM","","","BLR","2494","2542","2517","1990","M",""
"Sturua, Zurab","GM","","FST","GEO","2524","2525","","1959","M","i"
"Suba, Mihai","GM","","","ROU","2413","2379","","1947","M",""
"Sulava, Nenad","GM","","","CRO","2482","","2462","1962","M",""
"Sulskis, Sarunas","GM","","","LTU","2534","2555","2524","1972","M",""
"Sulypa, Oleksandr","GM","","","UKR","2482","2437","2394","1972","M",""
"Sumets, Andrey","GM","","","UKR","2601","2577","2611","1980","M",""
"Summerscale, Aaron P","GM","","","ENG","2423","2429","","1969","M","i"
"Sundararajan, Kidambi","GM","","","IND","2435","2402","2454","1982","M",""
"Sunye Neto, Jaime","GM","","","BRA","2486","","","1957","M","i"
"Suradiradja, Herman","GM","","","INA","2198","","","1947","M",""
"Sutovsky, Emil","GM","","","ISR","2657","2663","","1977","M",""
"Suttles, Duncan","GM","","","CAN","2420","","","1945","M","i"
"Sveshnikov, Evgeny","GM","","","LAT","2528","2563","2489","1950","M",""
"Svetushkin, Dmitry","GM","","","MDA","2593","2628","2483","1980","M",""
"Svidler, Peter","GM","","","RUS","2752","2789","2757","1976","M",""
"Swiercz, Dariusz","GM","","","POL","2627","2596","2585","1994","M",""
"Swinkels, Robin","GM","","","NED","2519","","","1989","M",""
"Szabo, Gergely-Andras-Gyula","GM","","FT","ROU","2548","2515","2555","1983","M",""
"Szabo, Krisztian","GM","","","HUN","2564","2580","2541","1989","M",""
"Tadic, Branko","GM","","","SRB","2505","2541","","1973","M",""
"Tahirov, Farhad","GM","","","AZE","2452","","","1987","M","i"
"Taimanov, Mark E","GM","","","RUS","2386","","","1926","M","i"
"Taleb, Moussa","GM","","","UAE","2406","","2295","1978","M","i"
"Talla, Vladimir","GM","","IA,FT","CZE","2386","","","1973","M",""
"Tarjan, James E","GM","","","USA","2525","","","1952","M","i"
"Tarlev, Konstantin","GM","","","UKR","2562","2522","2562","1987","M",""
"Tazbir, Marcin","GM","","","POL","2555","2619","","1988","M",""
"Temirbayev, Serikbay","GM","","FA","KAZ","2362","2412","2394","1961","M",""
"Ter-Sahakyan, Samvel","GM","","","ARM","2568","","","1993","M",""
"Teske, Henrik","GM","","","GER","2540","","","1968","M",""
"Teterev, Vitaly","GM","","","BLR","2501","","","1983","M",""
"Thipsay, Praveen M","GM","","","IND","2419","2389","2389","1959","M","i"
"Thorhallsson, Throstur","GM","","","ISL","2445","2457","2444","1969","M",""
"Tihonov, Jurij","GM","","","BLR","2404","","2448","1978","M",""
"Tikkanen, Hans","GM","","","SWE","2544","","","1985","M",""
"Timman, Jan H","GM","","","NED","2597","2592","2500","1951","M",""
"Timofeev, Artyom","GM","","","RUS","2610","2590","2574","1985","M",""
"Timoscenko, Gennadij","GM","","FST","SVK","2473","","","1949","M",""
"Timoshenko, Georgy","GM","","","UKR","2532","","","1966","M",""
"Tischbierek, Raj","GM","","","GER","2424","","2458","1962","M",""
"Tisdall, Jonathan D","GM","","","NOR","2421","","","1958","M",""
"Tishin, Petr","GM","","","RUS","2421","","","1976","M",""
"Tiviakov, Sergei","GM","","","NED","2663","2596","2689","1973","M",""
"Tkachiev, Vladislav","GM","","","FRA","2637","2675","2688","1973","M",""
"Todorcevic Antic, Miodrag","GM","","","ESP","2401","","","1940","M",""
"Todorov, Todor","GM","","","BUL","2487","","","1974","M",""
"Todorovic, Goran M","GM","","","SRB","2480","2470","","1963","M",""
"Tolnai, Tibor","GM","","","HUN","2477","","","1964","M","i"
"Tomashevsky, Evgeny","GM","","","RUS","2722","2693","2725","1987","M",""
"Tomczak, Jacek","GM","","","POL","2581","2571","2572","1990","M",""
"Topalov, Veselin","GM","","","BUL","2774","2790","2666","1975","M",""
"Torre, Eugenio","GM","","FST","PHI","2427","","2444","1951","M",""
"Tosic, Miroslav","GM","","","SRB","2404","2416","2358","1960","M",""
"Totsky, Leonid","GM","","","RUS","2469","2494","","1967","M","i"
"Toufighi, Homayoon","GM","","","IRI","2455","","","1990","M",""
"Trajkovic, Predrag","GM","","FT","SRB","2463","","","1970","M","i"
"Tratar, Marko","GM","","","SLO","2494","2521","","1974","M",""
"Tregubov, Pavel V.","GM","","FST,FT","RUS","2625","2570","2565","1971","M",""
"Tseitlin, Mark D","GM","","","ISR","2389","2353","2341","1943","M",""
"Tu, Hoang Thong","GM","","","VIE","2414","","2488","1972","M",""
"Tukhaev, Adam","GM","","","UKR","2530","2630","2498","1988","M",""
"Tukmakov, Vladimir B","GM","","FST","UKR","2540","","","1946","M",""
"Tunik, Gennady","GM","","","RUS","2423","2446","2458","1953","M",""
"Turner, Matthew J","GM","","","SCO","2514","2469","","1975","M",""
"Turov, Maxim","GM","","","RUS","2587","2586","2592","1979","M",""
"Tyomkin, Dimitri","GM","","","CAN","2473","","","1977","M",""
"Ubilava, Elizbar","GM","","FST","ESP","2496","2487","","1950","M",""
"Uhlmann, Wolfgang","GM","","","GER","2334","","","1935","M",""
NA,NA,NA,NA,NA,NA,NA,NA,NA,NA,NA
