"Name","T","WT","Oth. T.","Fed","Rtg","Rpd","Blz","B-Year","S","F"
"Rustemov, Alexander","GM","","","RUS","2525","","","1973","M",""
"Ruzele, Darius","GM","","","LTU","2531","","","1968","M","i"
"Rychagov, Andrey","GM","","","RUS","2535","2429","2463","1979","M",""
"Rychagov, Mikhail","GM","","FST","EST","2464","","","1967","M","i"
"Sadler, Matthew D","GM","","","ENG","2646","2656","2545","1974","M",""
"Sadorra, Julio Catalino","GM","","","PHI","2595","2531","2544","1986","M",""
"Sadvakasov, Darmen","GM","","","KAZ","2629","2601","2629","1979","M","i"
"Safarli, Eltaj","GM","","","AZE","2649","2662","2661","1992","M",""
"Sagalchik, Gennadij","GM","","","USA","2435","","","1969","M",""
"Sakaev, Konstantin","GM","","","RUS","2591","","2591","1974","M","i"
"Salem, A.R. Saleh","GM","","","UAE","2564","2592","2557","1993","M",""
"Salgado Lopez, Ivan","GM","","","ESP","2597","2630","2540","1991","M",""
"Salov, Valery","GM","","","RUS","2644","","","1964","M","i"
"Saltaev, Mihail","GM","","","UZB","2495","","","1962","M",""
"Salvador, Roland","GM","","","PHI","2462","2393","","1982","M",""
"Sambuev, Bator","GM","","","CAN","2542","2491","","1980","M",""
"San Segundo Carrillo, Pablo","GM","","","ESP","2491","","","1970","M","i"
"Sanchez, Joseph","GM","","","PHI","2525","2531","","1970","M",""
"Sandipan, Chanda","GM","","","IND","2609","2628","2607","1983","M",""
"Sanduleac, Vasile","GM","","FA","MDA","2422","2397","","1971","M",""
"Sanikidze, Tornike","GM","","","GEO","2541","2592","2583","1989","M",""
"Santo-Roman, Marc","GM","","","FRA","2392","","","1960","M","i"
"Sargissian, Gabriel","GM","","","ARM","2671","2665","2689","1983","M",""
"Saric, Ante","GM","","FT","CRO","2545","2531","2554","1984","M",""
"Saric, Ibro","GM","","","BIH","","","","1982","M",""
"Saric, Ivan","GM","","","CRO","2637","2598","2629","1990","M",""
"Sasikiran, Krishnan","GM","","","IND","2676","2664","2698","1981","M",""
"Savchenko, Boris","GM","","","RUS","2590","2561","2684","1986","M",""
"Savchenko, Stanislav","GM","","","UKR","2504","","2457","1967","M",""
"Savic, Miodrag R","GM","","","SRB","2536","2534","","1977","M",""
"Sax, Gyula","GM","","IA","HUN","2439","","","1951","M",""
"Schandorff, Lars","GM","","","DEN","2522","","","1965","M",""
"Schebler, Gerhard","GM","","","GER","2451","2417","2448","1969","M",""
"Schlosser, Philipp","GM","","","GER","2613","2579","","1968","M",""
"Schmaltz, Roland","GM","","","GER","2541","","","1974","M",""
"Schmidt, Wlodzimierz","GM","","FST","POL","2360","2308","2238","1943","M",""
"Schmittdiel, Eckhard","GM","","","GER","2439","","","1960","M",""
"Schussler, Harry","GM","","","SWE","2416","","","1957","M",""
"Schwartzman, Gabriel","GM","","","USA","2533","","","1976","M","i"
"Sebag, Marie","GM","WGM","","FRA","2501","2479","2504","1986","F",""
"Sebenik, Matej","GM","","FT","SLO","2496","2545","2566","1983","M",""
"Sedlak, Nikola","GM","","","SRB","2576","2579","","1983","M",""
"Seferjan, Narek","GM","","","ARM","2416","","","1974","M","i"
"Seirawan, Yasser","GM","","FST","USA","2620","2641","2598","1960","M","i"
"Sengupta, Deep","GM","","","IND","2538","2571","2501","1988","M",""
"Seres, Lajos","GM","","","HUN","2443","2461","","1973","M",""
"Sergeev, Vladimir","GM","","","UKR","2421","2554","2475","1964","M",""
"Sermek, Drazen","GM","","","CRO","2501","","","1969","M","i"
"Serper, Grigory","GM","","","USA","2522","","","1969","M","i"
"Sethuraman, S.P.","GM","","","IND","2573","2579","2465","1993","M",""
"Sevillano, Enrico","GM","","","USA","2480","","2500","1968","M",""
"Shabalov, Alexander","GM","","","USA","2529","","2545","1967","M",""
"Shaked, Tal","GM","","","USA","2468","","","1978","M","i"
"Shalnev, Nikolai","GM","","","GER","2310","","","1944","M",""
"Shanava, Konstantine","GM","","","GEO","2559","2539","2524","1985","M",""
"Shankland, Samuel L","GM","","","USA","2602","","2601","1991","M",""
"Shaposhnikov, Evgeny","GM","","","RUS","2550","","2610","1981","M",""
"Sharapov, Evgeny","GM","","","UKR","2377","2376","2367","1981","M",""
"Sharavdorj, Dashzegve","GM","","FT","MGL","2426","","2477","1974","M",""
"Shariyazdanov, Andrey","GM","","","RUS","2570","2563","","1976","M",""
"Shaw, John","GM","","","SCO","2427","","2410","1968","M",""
"Shchekachev, Andrei","GM","","","FRA","2515","2552","2540","1972","M",""
"Shcherbakov, Ruslan","GM","","","RUS","2492","2501","","1969","M","i"
"Shengelia, David","GM","","","AUT","2551","2506","2547","1980","M",""
"Sher, Miron N","GM","","FST","USA","2404","","","1952","M","i"
"Sherzer, Alex","GM","","","USA","2504","","","1971","M","i"
"Shimanov, Aleksandr","GM","","","RUS","2650","2603","2632","1992","M",""
"Shipov, Sergei","GM","","","RUS","2541","2543","","1966","M","i"
"Shirov, Alexei","GM","","","LAT","2711","2734","2656","1972","M",""
"Shishkin, Vadim","GM","","","UKR","2477","2484","","1969","M",""
"Shkuro, Iuri","GM","","","UKR","2566","2493","2525","1982","M","i"
"Shneider, Aleksandr","GM","","","UKR","2505","","","1962","M",""
"Shomoev, Anton","GM","","","RUS","2560","2574","2474","1981","M",""
"Short, Nigel D","GM","","","ENG","2683","2714","2678","1965","M",""
"Shtyrenkov, Veniamen","GM","","","RUS","2305","","","1958","M",""
"Shulman, Yury","GM","","","USA","2560","","","1975","M",""
"Shvyrjov, Igor","GM","","","EST","2450","2351","","1955","M",""
"Shyam, Sundar M.","GM","","","IND","2507","2447","2412","1992","M",""
"Siebrecht, Sebastian","GM","","","GER","2499","","","1973","M",""
"Sigurjonsson, Gudmundur","GM","","","ISL","2463","","","1947","M","i"
"Sikula, Vaszilij","GM","","","UKR","2525","","","1981","M","i"
"Simantsev, Mikhail","GM","","","UKR","2479","2505","2520","1978","M",""
"Simic, Radoslav","GM","","","SRB","2361","","","1948","M",""
"Simonian, Hrair","GM","","","ARM","2454","2453","2453","1991","M","i"
"Simutowe, Amon","GM","","","ZAM","2449","","","1982","M","i"
"Sisniega Campbell, Marcel","GM","","","MEX","2435","","","1959","M","i"
"Sjugirov, Sanan","GM","","","RUS","2651","2697","2642","1993","M",""
"Skatchkov, Pavel","GM","","","RUS","2457","2421","2475","1979","M",""
"Skembris, Spyridon","GM","","FT","GRE","2441","","","1958","M",""
"Skoberne, Jure","GM","","","SLO","2555","2546","2528","1987","M",""
"Skorchenko, Dmitriy","GM","","","RUS","2487","2429","","1983","M",""
"Slipak, Sergio","GM","","","ARG","2445","2439","2412","1965","M",""
"Slobodjan, Roman","GM","","","GER","2491","","","1975","M",""
"Smagin, Sergey","GM","","","RUS","2551","2486","2399","1958","M","i"
"Smeets, Jan","GM","","","NED","2612","","2617","1985","M",""
"Smejkal, Jan","GM","","","CZE","2504","","","1946","M","i"
"Smerdon, David","GM","","","AUS","2523","2520","","1984","M",""
"Smirin, Ilia","GM","","","ISR","2642","2616","2732","1968","M",""
"Smirnov, Igor","GM","","","UKR","2496","","","1987","M","i"
"Smirnov, Pavel","GM","","","RUS","2630","2626","2532","1982","M",""
NA,NA,NA,NA,NA,NA,NA,NA,NA,NA,NA
