"Name","T","WT","Oth. T.","Fed","Rtg","Rpd","Blz","B-Year","S","F"
"Castaneda, Georgui","GM","","","PER","2500","2516","2528","1976","M",""
"Cebalo, Miso","GM","","FST","CRO","2419","2442","2401","1945","M",""
"Chabanon, Jean-Luc","GM","","","FRA","2491","","2448","1971","M",""
"Chadaev, Nikolai","GM","","","RUS","2591","2629","2733","1988","M",""
"Chandler, Murray G","GM","","","NZL","2518","","","1960","M","i"
"Charbonneau, Pascal","GM","","","CAN","2505","","","1983","M","i"
"Charnushevich, Aliaksei","GM","","","FRA","2510","","","1978","M",""
"Chatalbashev, Boris","GM","","","BUL","2533","","","1974","M",""
"Chekhov, Valery A","GM","","","RUS","2457","","","1955","M","i"
"Cheparinov, Ivan","GM","","","BUL","2672","2717","2637","1986","M",""
"Cherniaev, Alexander","GM","","","RUS","2439","2455","2517","1969","M",""
"Chernikov, Oleg L","GM","","IA","RUS","2372","2290","2457","1936","M",""
"Chernin, Alexander","GM","","FST","HUN","2614","","","1960","M","i"
"Chernobay, Artem","GM","","","RUS","2501","2550","","1989","M",""
"Chernyshov, Konstantin","GM","","","RUS","2520","2542","","1967","M",""
"Chibukhchian, Artur","GM","","","ARM","2440","","","1979","M",""
"Chiburdanidze, Maia","GM","WGM","","GEO","2500","2475","2497","1961","F","i"
"Chirila, Ioan-Cristian","GM","","","ROU","2514","2503","2518","1991","M",""
"Christiansen, Larry M","GM","","","USA","2582","","","1956","M",""
"Chuchelov, Vladimir","GM","","FST","BEL","2554","","","1969","M",""
"Chuprov, Dmitry","GM","","","RUS","2472","","","1978","M","i"
"Cicak, Slavko","GM","","","SWE","2503","","","1969","M",""
"Cifuentes Parada, Roberto","GM","","","ESP","2458","","","1957","M",""
"Ciric, Dragoljub M","GM","","","SRB","2269","","","1935","M",""
"Cmilyte, Viktorija","GM","WGM","","LTU","2515","2462","2439","1983","F",""
"Colovic, Aleksandar","GM","","","MKD","2503","","","1976","M",""
"Comas Fabrego, Lluis","GM","","","ESP","2512","","","1971","M","i"
"Conquest, Stuart C","GM","","","ENG","2490","","","1967","M",""
"Cordova, Emilio","GM","","","PER","2609","","2559","1991","M",""
"Cori, Jorge","GM","","","PER","2608","2491","2453","1995","M",""
"Cornette, Matthieu","GM","","","FRA","2559","","","1985","M",""
"Cramling, Pia","GM","","","SWE","2525","2504","2414","1963","F",""
"Crisan, Alexandru","GM","","","ROU","2588","","","1962","M","i"
"Cruz, Cristhian","GM","","","PER","2554","","2463","1992","M",""
"Csom, Istvan","GM","","IA","HUN","2407","","","1940","M",""
"Cuartas, Jaime Alexander","GM","","","COL","2483","2492","2456","1975","M",""
"Cubas, Jose Fernando","GM","","","PAR","2479","","2538","1981","M",""
"Cvek, Robert","GM","","","CZE","2516","2525","2535","1979","M",""
"Cvitan, Ognjen","GM","","FT","CRO","2557","2536","2651","1961","M",""
"Cyborowski, Lukasz","GM","","","POL","2524","2529","","1980","M",""
"Czarnota, Pawel","GM","","","POL","2526","","","1988","M",""
"Czebe, Attila","GM","","","HUN","2458","2491","2401","1975","M",""
"Damljanovic, Branko","GM","","","SRB","2566","2506","2486","1961","M",""
"Danielian, Elina","GM","WGM","","ARM","2465","2473","2429","1978","F",""
"Danielian, Oganes","GM","","","ARM","2530","2507","2530","1974","M","i"
"Danielsen, Henrik","GM","","","ISL","2501","","","1966","M",""
"Danin, Alexandre","GM","","","RUS","2602","","","1986","M",""
"Dao, Thien Hai","GM","","FT","VIE","2508","","2506","1978","M",""
"Darga, Klaus","GM","","","GER","2453","","","1934","M","i"
"Darini, Pouria","GM","","","IRI","2509","2543","2500","1991","M",""
"Dautov, Rustem","GM","","","GER","2606","","","1965","M",""
"David, Alberto","GM","","","ITA","2579","2566","2584","1970","M",""
"Davies, Nigel R","GM","","","ENG","2494","","","1960","M","i"
"De Firmian, Nick E","GM","","","USA","2509","","","1957","M",""
"De La Paz Perdomo, Frank","GM","","","CUB","2437","2481","","1975","M",""
"De La Riva Aguado, Oscar","GM","","FA,FT","AND","2526","2537","2515","1972","M",""
"De La Villa Garcia, Jesus Maria","GM","","FST","ESP","2484","2451","","1958","M",""
"De Vreugt, Dennis","GM","","","NED","2429","","2469","1980","M",""
"Debashis, Das","GM","","","IND","2494","","2385","1993","M",""
"Deepan Chakkravarthy J.","GM","","","IND","2475","2469","2448","1987","M",""
"Degraeve, Jean-Marc","GM","","","FRA","2590","","","1971","M",""
"Del Rio De Angelis, Salvador G.","GM","","","ESP","2498","","","1976","M",""
"Delchev, Aleksander","GM","","","BUL","2638","","","1971","M",""
"Delgado Ramirez, Neuris","GM","","","PAR","2589","2603","2572","1981","M",""
"Demchenko, Anton","GM","","","RUS","2617","2637","","1987","M",""
"Dervishi, Erald","GM","","","ALB","2576","","","1979","M",""
"Deviatkin, Andrei","GM","","","RUS","2526","2545","2575","1980","M",""
"Dgebuadze, Alexandre","GM","","","BEL","2514","2542","2519","1971","M",""
"Diamant, Andre","GM","","","BRA","2468","","2455","1990","M",""
"Dimitrov, Vladimir","GM","","","BUL","2413","","","1968","M","i"
"Ding, Liren","GM","","","CHN","2717","2688","2671","1992","M",""
"Dizdar, Goran","GM","","","CRO","2520","","","1958","M",""
"Dizdarevic, Emir","GM","","","BIH","","","","1958","M",""
"Djukic, Nikola","GM","","","MNE","2542","2575","2563","1983","M",""
"Djurhuus, Rune","GM","","","NOR","2454","2430","","1970","M",""
"Djuric, Stefan","GM","","","SRB","2405","2458","2437","1955","M",""
"Dlugy, Maxim","GM","","","USA","2493","2535","2641","1966","M",""
"Dobrov, Vladimir","GM","","","RUS","2511","2603","2604","1984","M",""
"Doettling, Fabian","GM","","","GER","2587","","","1980","M",""
"Dokhoian, Yury","GM","","","RUS","2580","","","1964","M","i"
"Dolmatov, Sergey","GM","","","RUS","2560","","","1959","M","i"
"Dominguez Perez, Leinier","GM","","","CUB","2754","2779","2737","1983","M",""
"Domogaev, Sergey","GM","","","RUS","2510","2475","2462","1964","M","i"
"Donchev, Dimitar I.","GM","","","BUL","2436","","","1958","M","i"
"Dorfman, Iossif","GM","","FST","FRA","2571","","","1953","M",""
"Dragun, Kamil","GM","","","POL","2517","2548","2542","1995","M",""
"Drasko, Milan","GM","","","MNE","2457","2542","2521","1962","M",""
"Drazic, Sinisa","GM","","","SRB","2421","2479","2503","1967","M",""
"Dreev, Aleksey","GM","","","RUS","2673","2713","2701","1969","M",""
"Drenchev, Petar","GM","","","BUL","2491","2501","2461","1977","M",""
"Drozdovskij, Yuri","GM","","","UKR","2616","","","1984","M","i"
"Dubov, Daniil","GM","","","RUS","2614","2628","2729","1996","M",""
"Duda, Jan-Krzysztof","GM","","","POL","2553","2467","2525","1998","M",""
"Durarbayli, Vasif","GM","","","AZE","2580","2550","2613","1992","M",""
"Dvoirys, Semen I.","GM","","","RUS","2562","2537","2586","1958","M",""
"Dyachkov, Sergej","GM","","","RUS","2572","","","1976","M","i"
"Dydyshko, Viacheslav","GM","","","BLR","2506","","","1949","M",""
"Dzagnidze, Nana","GM","WGM","","GEO","2546","2580","2523","1987","F",""
"Dzhakaev, Dzhakay","GM","","","RUS","2494","2472","","1980","M","i"
"Dzhumaev, Marat","GM","","","UZB","2521","2515","2407","1976","M",""
NA,NA,NA,NA,NA,NA,NA,NA,NA,NA,NA
