"Name","T","WT","Oth. T.","Fed","Rtg","Rpd","Blz","B-Year","S","F"
"Gonzales, Jayson","GM","","FT","PHI","2405","","2349","1969","M","i"
"Gonzalez Garcia, Jose","GM","","FT","MEX","2512","2506","","1973","M",""
"Gonzalez Vidal, Yuri","GM","","","CUB","2520","","2530","1981","M",""
"Gonzalez Zamora, Juan Carlos","GM","","","MEX","2531","2539","2526","1968","M",""
"Gonzalez, Renier","GM","","","USA","2472","","","1972","M","i"
"Gopal G.N.","GM","","","IND","2527","2538","2593","1989","M",""
"Gordon, Stephen J","GM","","","ENG","2517","","","1986","M",""
"Gormally, Daniel W","GM","","","ENG","2514","2546","2571","1976","M",""
"Gorovykh, Eduard","GM","","","RUS","2488","2466","","1990","M","i"
"Gozzoli, Yannick","GM","","","FRA","2523","","2499","1983","M",""
"Grabarczyk, Miroslaw","GM","","","POL","2463","2479","2390","1971","M",""
"Grachev, Boris","GM","","","RUS","2676","2651","2670","1986","M",""
"Graf, Alexander","GM","","","GER","2607","","","1962","M",""
"Granda Zuniga, Julio E","GM","","","PER","2664","2673","2677","1967","M",""
"Grandelius, Nils","GM","","","SWE","2583","","","1993","M",""
"Greenfeld, Alon","GM","","","ISR","2552","2544","","1964","M",""
"Gretarsson, Helgi Ass","GM","","","ISL","2460","2465","","1977","M",""
"Grigore, George-Gabriel","GM","","","ROU","2484","2491","","1970","M",""
"Grigoriants, Sergey","GM","","","RUS","2576","2504","2618","1983","M",""
"Grigorov, Grigor","GM","","","BUL","2490","","","1987","M",""
"Grigoryan, Avetik","GM","","","ARM","2580","2589","2525","1989","M",""
"Grigoryan, Karen H.","GM","","","ARM","2550","","2552","1995","M",""
"Grischuk, Alexander","GM","","","RUS","2785","2830","2825","1983","M",""
"Gritsak, Orest","GM","","","UKR","2544","2574","","1973","M",""
"Grivas, Efstratios","GM","","IA,FST,IO","GRE","2482","","","1966","M",""
"Groszpeter, Attila","GM","","","HUN","2469","","","1960","M",""
"Grover, Sahaj","GM","","","IND","2479","2493","2488","1995","M",""
"Gruenfeld, Yehuda","GM","","","ISR","2448","2439","2463","1956","M",""
"Guliev, Sarhan","GM","","","AZE","2460","","","1968","M",""
"Guliyev, Namig","GM","","","AZE","2562","2556","2497","1974","M",""
"Gulko, Boris F","GM","","FST","USA","2533","","","1947","M",""
"Gundavaa, Bayarsaikhan","GM","","","MGL","2500","2534","2656","1989","M",""
"Gunina, Valentina","GM","WGM","","RUS","2512","2543","2604","1989","F",""
"Gupta, Abhijeet","GM","","","IND","2594","2636","2554","1989","M",""
"Gurevich, Dmitry","GM","","","USA","2494","","2487","1956","M",""
"Gurevich, Ilya","GM","","","USA","2586","","","1972","M","i"
"Gurevich, Mikhail","GM","","FA,FST","TUR","2574","","","1959","M",""
"Gurevich, Vladimir","GM","","","UKR","2489","","","1959","M",""
"Guseinov, Gadir","GM","","","AZE","2616","2671","2657","1986","M",""
"Gustafsson, Jan","GM","","","GER","2619","","","1979","M",""
"Gutman, Gennadi","GM","","","UKR","2479","2486","","1973","M",""
"Gutman, Lev","GM","","","GER","2441","","","1945","M",""
"Gutov, Andrey","GM","","","RUS","2397","2400","","1978","M",""
"Gyimesi, Zoltan","GM","","","HUN","2674","","","1977","M","i"
"Haba, Petr","GM","","","CZE","2503","","","1965","M",""
"Halkias, Stelios","GM","","","GRE","2567","2604","2574","1980","M",""
"Hamdouchi, Hicham","GM","","","FRA","2613","2607","2577","1972","M",""
"Hammer, Jon Ludvig","GM","","","NOR","2605","2597","","1990","M",""
"Handke, Florian","GM","","","GER","2541","","","1982","M",""
"Hansen, Curt","GM","","","DEN","2619","","","1964","M","i"
"Hansen, Eric","GM","","","CAN","2584","","","1992","M",""
"Hansen, Lars Bo","GM","","","DEN","2568","","","1968","M",""
"Hansen, Sune Berg","GM","","","DEN","2555","","","1971","M",""
"Har-Zvi, Ronen","GM","","","ISR","2512","","","1976","M","i"
"Harika, Dronavalli","GM","WGM","","IND","2479","2437","2466","1991","F",""
"Harikrishna, P.","GM","","","IND","2696","","2631","1986","M",""
"Harutjunyan, Gevorg","GM","","","ARM","2458","","2475","1981","M",""
"Hasangatin, Ramil","GM","","","RUS","2498","2504","","1972","M",""
"Haslinger, Stewart G","GM","","","ENG","2553","","","1981","M",""
"Hayrapetyan, Hovik","GM","","","ARM","2486","","2527","1990","M",""
"Haznedaroglu, Kivanc","GM","","FT","TUR","2440","","","1981","M",""
"Hebden, Mark L","GM","","","ENG","2545","2508","2515","1958","M",""
"Heberla, Bartlomiej","GM","","FT","POL","2542","","2490","1985","M",""
"Hecht, Hans-Joachim","GM","","","GER","2349","","","1939","M",""
"Hector, Jonny","GM","","","SWE","2500","","","1964","M",""
"Hellers, Ferdinand","GM","","","SWE","2599","","","1969","M","i"
"Hellsten, Johan","GM","","","SWE","2550","","","1975","M","i"
"Henley, Ron W","GM","","","USA","2415","","","1956","M","i"
"Hera, Imre Jr.","GM","","","HUN","2567","","","1986","M",""
"Hernandez Carmenate, Holden","GM","","","CUB","2545","","2545","1984","M",""
"Hernandez Guerrero, Gilberto","GM","","","MEX","2529","","","1970","M",""
"Hernandez Onna, Roman","GM","","","CUB","2375","","","1949","M","i"
"Herraiz Hidalgo, Herminio","GM","","","ESP","2446","","","1978","M",""
"Herrera, Irisberto","GM","","FT","ESP","2438","","","1968","M",""
"Hertneck, Gerald","GM","","","GER","2499","","","1963","M",""
"Hess, Robert L","GM","","","USA","2579","2637","","1991","M",""
"Hickl, Joerg","GM","","","GER","2564","","","1965","M",""
"Hillarp Persson, Tiger","GM","","","SWE","2529","","","1970","M",""
"Hjartarson, Johann","GM","","","ISL","2583","","","1963","M",""
"Hoang, Thanh Trang","GM","WGM","","HUN","2467","2421","2414","1980","F",""
"Hodgson, Julian M","GM","","","ENG","2609","","","1963","M","i"
"Hoffman, Alejandro","GM","","","ARG","2455","","","1966","M",""
"Hoffmann, Michael","GM","","","GER","2462","2473","","1970","M",""
"Hoi, Carsten","GM","","","DEN","2393","","","1957","M",""
"Holt, Conrad","GM","","","USA","2539","","2539","1993","M",""
"Holzke, Frank","GM","","","GER","2476","","","1971","M",""
"Hort, Vlastimil","GM","","","GER","2439","2455","2413","1944","M",""
"Horvath, Adam","GM","","","HUN","2536","2500","2541","1981","M",""
"Horvath, Csaba","GM","","IA","HUN","2524","","","1968","M",""
"Horvath, Jozsef","GM","","IA,FST","HUN","2513","","","1964","M",""
"Horvath, Peter","GM","","","HUN","2449","","","1972","M",""
"Hossain, Enamul","GM","","","BAN","2445","2518","","1981","M",""
"Hou, Yifan","GM","WGM","","CHN","2609","2623","2559","1994","F",""
"Hovhannisyan, Robert","GM","","","ARM","2623","2584","2619","1991","M",""
"Howell, David W L","GM","","","ENG","2628","2649","","1990","M",""
"Howell, James C","GM","","","ENG","2495","","","1967","M","i"
"Hracek, Zbynek","GM","","","CZE","2635","2602","2611","1970","M",""
"Huebner, Robert","GM","","","GER","2593","2575","","1948","M",""
"Hulak, Krunoslav","GM","","","CRO","2484","","2432","1951","M","i"
"Hungaski, Robert Andrew","GM","","","USA","2471","2476","2537","1987","M",""
NA,NA,NA,NA,NA,NA,NA,NA,NA,NA,NA
