"Name","T","WT","Oth. T.","Fed","Rtg","Rpd","Blz","B-Year","S","F"
"Nikolac, Juraj","GM","","","CRO","2428","","","1932","M",""
"Nikolaidis, Ioannis","GM","","","GRE","2570","","2533","1971","M",""
"Nikolenko, Oleg","GM","","","RUS","2512","2496","2482","1959","M",""
"Nikolic, Predrag","GM","","","BIH","2619","","2606","1960","M",""
"Nikolic, Stanimir","GM","","","SRB","2261","","","1935","M",""
"Nikolov, Momchil","GM","","","BUL","2534","2542","","1985","M",""
"Ninov, Nikolai","GM","","","BUL","2463","","","1969","M",""
"Nisipeanu, Liviu-Dieter","GM","","","ROU","2665","2634","2614","1976","M",""
"Nogueiras Santiago, Jesus","GM","","FST","CUB","2501","","2530","1959","M",""
"Norwood, David R","GM","","","AND","2491","","","1968","M",""
"Novik, Maxim","GM","","","RUS","2451","2454","2446","1970","M",""
"Novikov, Igor A","GM","","","USA","2563","","","1962","M","i"
"Novikov, Maxim","GM","","","RUS","2507","2513","2528","1972","M",""
"Novikov, Stanislav","GM","","","RUS","2545","2587","","1985","M","i"
"Nunn, John D M","GM","","","ENG","2602","","","1955","M","i"
"Nyback, Tomi","GM","","","FIN","2599","2576","","1985","M",""
"Nyzhnyk, Illya","GM","","","UKR","2625","2610","2612","1996","M",""
"Obukhov, Alexander","GM","","","RUS","2372","","","1969","M","i"
"Odeev, Handszar","GM","","","TKM","2408","","","1972","M",""
"Ogaard, Leif","GM","","","NOR","2404","","","1952","M","i"
"Okhotnik, Vladimir","GM","","","FRA","2414","2470","2379","1950","M",""
"Olafsson, Fridrik","GM","","","ISL","2407","","","1935","M",""
"Olafsson, Helgi","GM","","FST","ISL","2544","","","1956","M",""
"Oleksienko, Mikhailo","GM","","","UKR","2596","2578","2493","1986","M",""
"Olszewski, Michal","GM","","","POL","2556","2541","2525","1989","M",""
"Oms Pallisse, Josep","GM","","","ESP","2497","","","1973","M",""
"Onischuk, Alexander","GM","","","USA","2667","","","1975","M",""
"Onischuk, Vladimir","GM","","","UKR","2580","2619","2565","1991","M",""
"Oral, Tomas","GM","","","CZE","2528","","","1977","M","i"
"Oratovsky, Michael","GM","","","ISR","2499","","","1974","M",""
"Orlov, Andrey","GM","","","RUS","2535","2545","","1977","M",""
"Ortega, Lexy","GM","","FT","ITA","2480","2484","2440","1960","M",""
"Ortiz Suarez, Isan Reynaldo","GM","","","CUB","2609","2603","2498","1985","M",""
"Ostenstad, Berge","GM","","","NOR","2465","","","1964","M",""
"Ovetchkin, Roman","GM","","","RUS","2542","2479","2444","1973","M",""
"Ovsejevitsch, Sergei","GM","","","UKR","2569","2609","","1974","M",""
"Padevsky, Nikola","GM","","","BUL","2355","","","1933","M","i"
"Paehtz, Thomas","GM","","","GER","2401","","","1956","M",""
"Paichadze, Luka","GM","","","GEO","2553","2557","2451","1991","M",""
"Palac, Mladen","GM","","FT","CRO","2561","2584","2549","1971","M",""
"Palatnik, Semon","GM","","FST,IO","USA","2455","","","1950","M",""
"Palo, Davor","GM","","","DEN","2553","","","1985","M",""
"Panarin, Mikhail","GM","","","RUS","2555","2634","","1983","M",""
"Panchanathan, Magesh Chandran","GM","","","IND","2547","","","1983","M",""
"Panno, Oscar","GM","","","ARG","2438","","","1935","M","i"
"Pantsulaia, Levan","GM","","","GEO","2596","2595","2652","1986","M",""
"Pap, Gyula","GM","","","HUN","2517","2563","2555","1991","M",""
"Pap, Misa","GM","","","SRB","2488","2500","2505","1979","M",""
"Papadopoulos, Ioannis K.","GM","","","GRE","2414","","","1988","M",""
"Papaioannou, Ioannis","GM","","","GRE","2624","2614","","1976","M",""
"Papin, Vasily","GM","","","RUS","2545","2477","2525","1988","M",""
"Papp, Gabor","GM","","","HUN","2587","","","1987","M",""
"Paragua, Mark","GM","","","PHI","2565","2532","2453","1984","M",""
"Parker, Jonathan F","GM","","","ENG","2522","","","1976","M",""
"Parligras, Mircea-Emilian","GM","","","ROU","2560","2652","","1980","M",""
"Parma, Bruno","GM","","","SLO","2480","","","1941","M","i"
"Pashikian, Arman","GM","","","ARM","2609","","","1987","M",""
"Paunovic, Dragan","GM","","","SRB","2503","","","1961","M",""
"Pavasovic, Dusko","GM","","FT","SLO","2563","","","1976","M",""
"Pavlovic, Milos","GM","","","SRB","2511","2508","2494","1964","M",""
"Pelletier, Yannick","GM","","","SUI","2578","2644","","1976","M",""
"Peng, Xiaomin","GM","","","CHN","2591","","","1973","M","i"
"Peng, Zhaoqin","GM","WGM","FI","NED","2375","","","1968","F",""
"Penrose, Jonathan","GM","","","ENG","2405","","","1933","M","i"
"Peralta, Fernando","GM","","","ARG","2609","2592","2599","1979","M",""
"Perelshteyn, Eugene","GM","","","USA","2495","","","1980","M",""
"Perez Candelario, Manuel","GM","","","ESP","2569","2493","","1983","M",""
"Perez Mitjans, Orelvis","GM","","","ESP","2475","2477","","1976","M",""
"Perez Ponsa, Federico","GM","","","ARG","2497","2488","2477","1993","M",""
"Perez Rodriguez, Luis Manuel","GM","","","CUB","2414","","2442","1978","M",""
"Pert, Nicholas","GM","","","ENG","2555","","","1981","M",""
"Perunovic, Milos","GM","","","SRB","2618","2639","2554","1984","M",""
"Petkevich, Jusefs","GM","","","LAT","2376","","2387","1940","M",""
"Petkov, Vladimir","GM","","","BUL","2552","2511","","1971","M",""
"Petr, Martin","GM","","","CZE","2534","2559","","1988","M",""
"Petrik, Tomas","GM","","","SVK","2510","","","1980","M",""
"Petrosian, Arshak B","GM","","FST","ARM","2470","","","1953","M","i"
"Petrosian, Davit G.","GM","","","ARM","2452","","2506","1984","M",""
"Petrosian, Tigran L.","GM","","","ARM","2660","2637","2613","1984","M",""
"Petrov, Marijan","GM","","","BUL","2489","","","1975","M",""
"Petursson, Margeir","GM","","","ISL","2532","","","1960","M",""
"Pfleger, Helmut, Dr.","GM","","","GER","2477","","","1943","M","i"
"Pigusov, Evgeny","GM","","","RUS","2555","2531","","1961","M","i"
"Piket, Jeroen","GM","","","NED","2624","","","1969","M","i"
"Pikula, Dejan","GM","","","SRB","2482","2500","2528","1969","M",""
"Pilavov, Georgy","GM","","","UKR","2609","2520","2534","1974","M",""
"Pinter, Jozsef","GM","","","HUN","2551","","","1953","M",""
"Piorun, Kacper","GM","","","POL","2552","2546","2542","1991","M",""
"Piskov, Yury","GM","","","RUS","2442","","","1964","M","i"
"Plachetka, Jan","GM","","FST","SVK","2365","2362","","1945","M",""
"Plaskett, H James","GM","","","ENG","2490","2504","","1960","M",""
"Podolchenko, Evgeniy","GM","","","BLR","2447","","2418","1988","M",""
"Pogorelov, Ruslan","GM","","","UKR","2394","","","1959","M",""
"Polak, Tomas","GM","","","CZE","2492","","2553","1974","M",""
"Polgar, Judit","GM","","","HUN","2696","2669","","1976","F",""
"Polgar, Zsuzsa","GM","WIM","FST","USA","2577","","","1969","F","i"
"Poluljahov, Aleksandr","GM","","","RUS","2503","","","1965","M",""
"Polzin, Rainer","GM","","","GER","2446","","","1971","M",""
"Pomar Salamanca, Arturo","GM","","","ESP","2345","","","1931","M","i"
"Ponkratov, Pavel","GM","","","RUS","2618","2663","2631","1988","M",""
NA,NA,NA,NA,NA,NA,NA,NA,NA,NA,NA
