"Name","T","WT","Oth. T.","Fed","Rtg","Rpd","Blz","B-Year","S","F"
"Kayumov, Sergey","GM","","","UZB","2505","2486","2511","1981","M","i"
"Kazakov, Mikhail","GM","","","UKR","2502","2504","2390","1972","M",""
"Kazhgaleyev, Murtas","GM","","","KAZ","2570","2598","2659","1973","M",""
"Keene, Raymond D","GM","","IA,IO","ENG","2455","","","1948","M","i"
"Keitlinghaus, Ludger","GM","","","GER","2489","","","1965","M","i"
"Kekelidze, Mikheil","GM","","","GEO","2462","2483","2510","1974","M",""
"Kempinski, Robert","GM","","","POL","2594","2610","2637","1977","M",""
"Kengis, Edvins","GM","","","LAT","2545","2524","","1959","M","i"
"Khachiyan, Melikset","GM","","","USA","2522","2476","2469","1970","M",""
"Khairullin, Ildar","GM","","","RUS","2653","2694","2648","1990","M",""
"Khalifman, Alexander","GM","","","RUS","2611","2628","","1966","M",""
"Khamrakulov, Ibragim S.","GM","","","ESP","2435","2465","2495","1982","M",""
"Kharchenko, Boris","GM","","","UKR","2494","2537","2477","1991","M",""
"Kharitonov, Alexandr","GM","","","RUS","2554","2576","2511","1986","M",""
"Kharlov, Andrei","GM","","","RUS","2496","2532","2434","1968","M",""
"Khasin, Alexander","GM","","IA","RUS","2481","2422","2463","1951","M",""
"Khatanbaatar, Bazar","GM","","","MGL","2368","","","1973","M",""
"Khenkin, Igor","GM","","","GER","2586","2650","2621","1968","M",""
"Khismatullin, Denis","GM","","","RUS","2674","2614","2617","1984","M",""
"Khmelniker, Ilya","GM","","","ISR","2494","","2475","1985","M",""
"Khotenashvili, Bela","GM","WGM","","GEO","2527","2433","2485","1988","F",""
"Khruschiov, Alexey","GM","","FA","MDA","2428","2495","2473","1982","M",""
"Khusnutdinov, Rustam","GM","","","KAZ","2491","2598","2591","1987","M",""
"Kim, Alexey","GM","","","KOR","2488","","","1986","M",""
"Kindermann, Stefan","GM","","","AUT","2504","2528","","1959","M",""
"King, Daniel J","GM","","","ENG","2466","","","1963","M","i"
"Kiriakov, Petr","GM","","","RUS","2538","2493","","1975","M","i"
"Kiselev, Vitaliy","GM","","","RUS","2505","2515","2532","1988","M",""
"Kishnev, Sergey","GM","","","RUS","2484","","","1956","M","i"
"Kislinsky, Alexey","GM","","","CZE","2491","2513","2542","1984","M",""
"Klaric, Zlatko","GM","","","CRO","2415","","","1956","M",""
"Klimov, Sergey","GM","","","RUS","2492","2459","","1979","M",""
"Klinger, Josef","GM","","","AUT","2433","","","1967","M","i"
"Knaak, Rainer","GM","","","GER","2482","","","1953","M","i"
"Kobalia, Mikhail","GM","","","RUS","2643","2612","2581","1978","M",""
"Kochyev, Alexander","GM","","","RUS","2394","","","1956","M",""
"Kogan, Artur","GM","","","ISR","2548","","2589","1974","M",""
"Kokarev, Dmitry","GM","","","RUS","2625","2644","2679","1982","M",""
"Kolev, Atanas","GM","","","BUL","2581","","","1967","M",""
"Komarov, Dimitri","GM","","","UKR","2518","2512","2528","1968","M","i"
"Komliakov, Viktor","GM","","","MDA","2416","","2401","1960","M","i"
"Komljenovic, Davorin","GM","","","CRO","2410","","2424","1944","M",""
"Koneru, Humpy","GM","WGM","","IND","2613","2611","2521","1987","F",""
"Koniushkov, Igor","GM","","","RUS","2514","","","1962","M","i"
"Kononenko, Dmitry","GM","","","UKR","2617","2590","2682","1988","M",""
"Korchnoi, Viktor","GM","","","SUI","2499","","","1931","M","i"
"Korneev, Oleg","GM","","","ESP","2643","2554","2626","1969","M",""
"Kornev, Alexei","GM","","","RUS","2539","","","1976","M",""
"Korobov, Anton","GM","","","UKR","2723","2758","2797","1985","M",""
"Korotylev, Alexey","GM","","","RUS","2573","","2571","1977","M","i"
"Kosanovic, Goran A","GM","","FT","SRB","2394","","","1962","M",""
"Kosashvili, Yona","GM","","","ISR","2531","","","1970","M","i"
"Kosic, Dragan","GM","","","MNE","2504","2499","","1970","M",""
"Kosintseva, Nadezhda","GM","WGM","","RUS","2513","2516","2519","1985","F",""
"Kosintseva, Tatiana","GM","WGM","","RUS","2496","2509","2502","1986","F",""
"Kosten, Anthony C.","GM","","","FRA","2450","","","1958","M",""
"Kosteniuk, Alexandra","GM","WGM","","RUS","2527","2566","2539","1984","F",""
"Kostenko, Petr","GM","","","KAZ","2506","2451","2474","1976","M",""
"Kostic, Vladimir G","GM","","","SRB","2411","2407","2446","1953","M",""
"Kosyrev, Vladimir","GM","","","RUS","2520","","","1980","M","i"
"Kotanjian, Tigran","GM","","","ARM","2500","2461","2489","1981","M",""
"Kotronias, Vasilios","GM","","","GRE","2570","2560","2595","1964","M",""
"Kotsur, Pavel","GM","","FA","KAZ","2557","2540","2583","1974","M",""
"Kouatly, Bachar","GM","","","FRA","2453","2455","","1958","M","i"
"Kovacevic, Aleksandar","GM","","","SRB","2568","2572","","1974","M",""
"Kovacevic, Vlatko","GM","","","CRO","2470","","","1942","M",""
"Kovalenko, Igor","GM","","","LAT","2634","2681","2673","1988","M",""
"Kovalev, Andrei","GM","","","BLR","2470","2459","2455","1961","M",""
"Kovalev, Vladislav","GM","","","BLR","2562","2488","2548","1994","M",""
"Kovalyov, Anton","GM","","","CAN","2617","2567","2628","1992","M",""
"Kovchan, Alexander","GM","","","UKR","2554","2533","2616","1983","M",""
"Kozul, Zdenko","GM","","","CRO","2585","","2592","1966","M",""
"Kraai, Jesse","GM","","","USA","2518","","","1972","M",""
"Kraemer, Martin","GM","","","GER","2554","2527","","1987","M",""
"Kraidman, Yair","GM","","","ISR","2255","","","1932","M",""
"Krakops, Maris","GM","","","LAT","2510","2470","","1978","M","i"
"Kramnik, Vladimir","GM","","","RUS","2787","2773","2782","1975","M",""
"Krapivin, Alexander","GM","","","RUS","2430","2446","2364","1987","M",""
"Krasenkow, Michal","GM","","","POL","2633","2615","2548","1963","M",""
"Kravtsiv, Martyn","GM","","","UKR","2628","2582","2531","1990","M",""
"Kreiman, Boris","GM","","","USA","2481","","2456","1976","M",""
"Krejci, Jan","GM","","","CZE","2517","2502","2443","1992","M",""
"Kristiansen, Jens","GM","","","DEN","2419","","","1952","M",""
"Kristjansson, Stefan","GM","","","ISL","2491","2535","2476","1982","M",""
"Kritz, Leonid","GM","","","GER","2604","","","1984","M",""
"Krivoborodov, Egor","GM","","","RUS","2499","","2523","1989","M",""
"Krivoshey, Sergei","GM","","","UKR","2471","2455","","1971","M",""
"Krogius, Nikolai V","GM","","IA","RUS","2485","","","1930","M","i"
"Kruppa, Yuri","GM","","","UKR","2557","","","1964","M",""
"Krush, Irina","GM","WGM","","USA","2500","2448","2444","1983","F",""
"Kryakvin, Dmitry","GM","","","RUS","2588","2505","2489","1984","M",""
"Krylov, Mikhail","GM","","","RUS","2484","2503","2482","1987","M",""
"Kryvoruchko, Yuriy","GM","","","UKR","2704","2694","2628","1986","M",""
"Kuczynski, Robert","GM","","","POL","2487","","","1966","M",""
"Kudrin, Sergey","GM","","","USA","2520","","","1959","M",""
"Kulaots, Kaido","GM","","","EST","2560","2568","2560","1976","M",""
"Kuligowski, Adam","GM","","","POL","2430","","","1955","M","i"
"Kuljasevic, Davorin","GM","","","CRO","2580","","2520","1986","M",""
"Kumaran, Dharshan","GM","","","ENG","2505","","","1975","M","i"
"Kunin, Vitaly","GM","","","GER","2545","2501","2472","1983","M",""
NA,NA,NA,NA,NA,NA,NA,NA,NA,NA,NA
