"Name","T","WT","Oth. T.","Fed","Rtg","Rpd","Blz","B-Year","S","F"
"Goganov, Aleksey","GM","","","RUS","2581","2543","2613","1991","M",""
"Goldin, Alexander","GM","","","USA","2549","","","1964","M",""
"Golizadeh, Asghar","GM","","","IRI","2500","2511","2479","1990","M",""
"Golod, Vitali","GM","","","ISR","2570","2604","2581","1971","M",""
"Goloshchapov, Alexander","GM","","","UKR","2586","2574","2631","1978","M",""
"Golubev, Mikhail","GM","","","UKR","2489","2483","2439","1970","M","i"
"Gomez Esteban, Juan Mario","GM","","","ESP","2463","","","1958","M",""
"Gomez, John Paul","GM","","","PHI","2541","2512","2481","1986","M",""
"Gonda, Laszlo","GM","","","HUN","2543","","","1988","M",""
"Gonzales, Jayson","GM","","FT","PHI","2405","","2349","1969","M","i"
"Gonzalez Garcia, Jose","GM","","FT","MEX","2501","2506","","1973","M",""
"Gonzalez Vidal, Yuri","GM","","","CUB","2534","","2530","1981","M",""
"Gonzalez Zamora, Juan Carlos","GM","","","MEX","2536","2539","2526","1968","M",""
"Gonzalez, Renier","GM","","","USA","2472","","","1972","M","i"
"Gopal G.N.","GM","","","IND","2540","2538","2593","1989","M",""
"Gordon, Stephen J","GM","","","ENG","2518","2502","","1986","M",""
"Gormally, Daniel W","GM","","","ENG","2504","2559","2571","1976","M",""
"Gorovykh, Eduard","GM","","","RUS","2488","2466","","1990","M","i"
"Gozzoli, Yannick","GM","","","FRA","2529","","2499","1983","M",""
"Grabarczyk, Miroslaw","GM","","","POL","2470","2464","2390","1971","M",""
"Grachev, Boris","GM","","","RUS","2669","2651","2670","1986","M",""
"Graf, Alexander","GM","","","GER","2605","","","1962","M",""
"Granda Zuniga, Julio E","GM","","","PER","2680","2672","2677","1967","M",""
"Grandelius, Nils","GM","","","SWE","2557","","","1993","M",""
"Greenfeld, Alon","GM","","","ISR","2545","2518","2530","1964","M",""
"Gretarsson, Helgi Ass","GM","","","ISL","2455","2467","2395","1977","M",""
"Grigore, George-Gabriel","GM","","","ROU","2484","2491","","1970","M","i"
"Grigoriants, Sergey","GM","","","RUS","2582","2504","2618","1983","M",""
"Grigorov, Grigor","GM","","","BUL","2494","","","1987","M",""
"Grigoryan, Avetik","GM","","","ARM","2571","2589","2525","1989","M",""
"Grigoryan, Karen H.","GM","","","ARM","2604","2548","2543","1995","M",""
"Grischuk, Alexander","GM","","","RUS","2785","2828","2798","1983","M",""
"Gritsak, Orest","GM","","","UKR","2516","2574","","1973","M",""
"Grivas, Efstratios","GM","","IA,FST,IO","GRE","2482","","2425","1966","M",""
"Groszpeter, Attila","GM","","","HUN","2459","","","1960","M",""
"Grover, Sahaj","GM","","","IND","2485","2493","2488","1995","M",""
"Gruenfeld, Yehuda","GM","","","ISR","2438","2421","2462","1956","M",""
"Guliev, Sarhan","GM","","","AZE","2430","","","1968","M",""
"Guliyev, Namig","GM","","","AZE","2563","2588","2497","1974","M",""
"Gulko, Boris F","GM","","FST","USA","2543","","","1947","M",""
"Gundavaa, Bayarsaikhan","GM","","","MGL","2507","2534","2656","1989","M",""
"Gunina, Valentina","GM","WGM","","RUS","2509","2543","2531","1989","F",""
"Gupta, Abhijeet","GM","","","IND","2594","2636","2554","1989","M",""
"Gurevich, Dmitry","GM","","","USA","2499","","2487","1956","M",""
"Gurevich, Ilya","GM","","","USA","2586","","","1972","M","i"
"Gurevich, Mikhail","GM","","FA,FST","TUR","2574","","","1959","M",""
"Gurevich, Vladimir","GM","","","UKR","2489","","","1959","M",""
"Guseinov, Gadir","GM","","","AZE","2607","2671","2657","1986","M",""
"Gustafsson, Jan","GM","","","GER","2628","","","1979","M",""
"Gutman, Gennadi","GM","","","UKR","2479","2486","","1973","M",""
"Gutman, Lev","GM","","","GER","2445","","2405","1945","M",""
"Gutov, Andrey","GM","","","RUS","2402","2443","","1978","M",""
"Gyimesi, Zoltan","GM","","","HUN","2674","","","1977","M","i"
"Haba, Petr","GM","","","CZE","2505","","","1965","M",""
"Halkias, Stelios","GM","","","GRE","2555","2606","2574","1980","M",""
"Hamdouchi, Hicham","GM","","","FRA","2627","2607","2577","1972","M",""
"Hammer, Jon Ludvig","GM","","","NOR","2612","2598","","1990","M",""
"Handke, Florian","GM","","","GER","2541","","","1982","M",""
"Hansen, Curt","GM","","","DEN","2619","","","1964","M","i"
"Hansen, Eric","GM","","","CAN","2547","","","1992","M",""
"Hansen, Lars Bo","GM","","","DEN","2567","","","1968","M",""
"Hansen, Sune Berg","GM","","","DEN","2563","","","1971","M",""
"Har-Zvi, Ronen","GM","","FT","ISR","2512","","","1976","M","i"
"Harika, Dronavalli","GM","WGM","","IND","2484","2437","2466","1991","F",""
"Harikrishna, P.","GM","","","IND","2704","","2631","1986","M",""
"Harutjunyan, Gevorg","GM","","","ARM","2433","2554","2472","1981","M",""
"Hasangatin, Ramil","GM","","","RUS","2498","2495","","1972","M",""
"Haslinger, Stewart G","GM","","","ENG","2548","","","1981","M",""
"Hayrapetyan, Hovik","GM","","","ARM","2472","","2527","1990","M",""
"Haznedaroglu, Kivanc","GM","","FT","TUR","2433","","","1981","M",""
"Hebden, Mark L","GM","","","ENG","2556","2532","2515","1958","M",""
"Heberla, Bartlomiej","GM","","FT","POL","2556","","2534","1985","M",""
"Hecht, Hans-Joachim","GM","","","GER","2349","","","1939","M",""
"Hector, Jonny","GM","","","SWE","2503","","","1964","M",""
"Hellers, Ferdinand","GM","","","SWE","2599","","","1969","M","i"
"Hellsten, Johan","GM","","","SWE","2550","","","1975","M","i"
"Henley, Ron W","GM","","","USA","2415","","","1956","M","i"
"Hera, Imre Jr.","GM","","","HUN","2564","","","1986","M",""
"Hernandez Carmenate, Holden","GM","","","CUB","2542","","2545","1984","M",""
"Hernandez Guerrero, Gilberto","GM","","","MEX","2525","","","1970","M",""
"Hernandez Onna, Roman","GM","","","CUB","2375","","","1949","M","i"
"Herraiz Hidalgo, Herminio","GM","","","ESP","2446","","","1978","M",""
"Herrera, Irisberto","GM","","FT","ESP","2438","","","1968","M",""
"Hertneck, Gerald","GM","","","GER","2487","","","1963","M",""
"Hess, Robert L","GM","","","USA","2579","2637","","1991","M",""
"Hickl, Joerg","GM","","","GER","2566","","","1965","M",""
"Hillarp Persson, Tiger","GM","","","SWE","2547","","","1970","M",""
"Hjartarson, Johann","GM","","","ISL","2580","","2607","1963","M",""
"Hoang, Thanh Trang","GM","WGM","","HUN","2511","2421","2414","1980","F",""
"Hodgson, Julian M","GM","","","ENG","2609","","","1963","M","i"
"Hoffman, Alejandro","GM","","","ARG","2447","2464","","1966","M",""
"Hoffmann, Michael","GM","","","GER","2466","2473","","1970","M",""
"Hoi, Carsten","GM","","","DEN","2400","","","1957","M",""
"Holt, Conrad","GM","","","USA","2534","","2539","1993","M",""
"Holzke, Frank","GM","","","GER","2476","","","1971","M",""
"Hort, Vlastimil","GM","","","GER","2441","2455","2413","1944","M",""
"Horvath, Adam","GM","","","HUN","2529","2500","2541","1981","M",""
"Horvath, Csaba","GM","","IA","HUN","2515","","","1968","M",""
"Horvath, Jozsef","GM","","IA,FST","HUN","2500","","","1964","M",""
"Horvath, Peter","GM","","","HUN","2448","","","1972","M",""
NA,NA,NA,NA,NA,NA,NA,NA,NA,NA,NA
