"Name","T","WT","Oth. T.","Fed","Rtg","Rpd","Blz","B-Year","S","F"
"Smith, Bryan G","GM","","","USA","2475","2435","","1980","M",""
"So, Wesley","GM","","","PHI","2719","2642","2734","1993","M",""
"Socko, Bartosz","GM","","","POL","2657","2677","2677","1978","M",""
"Socko, Monika","GM","WGM","","POL","2440","2480","2419","1978","F",""
"Soffer, Ram","GM","","","ISR","2463","2380","2454","1965","M",""
"Sokolov, Andrei","GM","","","FRA","2577","2565","","1963","M",""
"Sokolov, Ivan","GM","","","NED","2650","","2583","1968","M",""
"Solak, Dragan","GM","","","TUR","2610","","2526","1980","M",""
"Solleveld, Maarten","GM","","","NED","2523","","","1979","M",""
"Solodovnichenko, Yuri","GM","","","UKR","2591","2564","2544","1978","M",""
"Solozhenkin, Evgeniy","GM","","","RUS","2473","2459","2433","1966","M",""
"Soltis, Andrew E","GM","","","USA","2407","","","1947","M","i"
"Sorin, Ariel","GM","","","ARG","2454","2458","","1967","M",""
"Sosonko, Gennadi","GM","","FST","NED","2520","","","1943","M","i"
"Spangenberg, Hugo","GM","","","ARG","2487","","","1975","M","i"
"Spasov, Vasil","GM","","","BUL","2566","","","1971","M",""
"Spassky, Boris V.","GM","","","RUS","2548","","","1937","M","i"
"Spassov, Liuben","GM","","","BUL","2332","","","1943","M",""
"Speelman, Jon S","GM","","","ENG","2495","","2562","1956","M",""
"Spiridonov, Nikola","GM","","","BUL","2217","","","1938","M",""
"Spoelman, Wouter","GM","","","NED","2577","","2534","1990","M",""
"Spraggett, Kevin","GM","","","CAN","2544","2557","","1954","M",""
"Sriram, Jha","GM","","","IND","2430","2411","2392","1976","M",""
"Stanec, Nikolaus","GM","","","AUT","2499","","","1968","M",""
"Stangl, Markus","GM","","","GER","2438","","","1969","M",""
"Stanojoski, Zvonko","GM","","","MKD","2415","2373","2379","1964","M",""
"Starostits, Ilmars","GM","","","LAT","2458","2451","2437","1979","M",""
"Stean, Michael F","GM","","","ENG","2500","","","1953","M","i"
"Stefanova, Antoaneta","GM","","FT","BUL","2486","2570","2565","1979","F",""
"Stefansson, Hannes","GM","","","ISL","2560","2510","2540","1972","M",""
"Steingrimsson, Hedinn","GM","","FST,FT","ISL","2544","","","1975","M",""
"Stellwagen, Daniel","GM","","","NED","2605","","","1987","M",""
"Stevic, Hrvoje","GM","","","CRO","2620","2623","2579","1980","M",""
"Stocek, Jiri","GM","","","CZE","2529","2550","2496","1977","M",""
"Stohl, Igor","GM","","","SVK","2527","","","1964","M",""
"Stojanovic, Dalibor","GM","","","BIH","","2539","","1983","M",""
"Stojanovic, Mihajlo","GM","","","SRB","2556","2592","2605","1977","M",""
"Strikovic, Aleksa","GM","","","SRB","2526","2566","","1961","M",""
"Stripunsky, Alexander","GM","","","USA","2549","2530","2525","1970","M",""
"Stupak, Kirill","GM","","","BLR","2505","2537","2559","1990","M",""
"Sturua, Zurab","GM","","","GEO","2524","2525","","1959","M","i"
"Suba, Mihai","GM","","","ROU","2416","2379","","1947","M",""
"Sulava, Nenad","GM","","","CRO","2471","","2462","1962","M",""
"Sulskis, Sarunas","GM","","","LTU","2531","2562","2524","1972","M",""
"Sulypa, Oleksandr","GM","","","UKR","2482","2437","2394","1972","M",""
"Sumets, Andrey","GM","","","UKR","2620","2577","2611","1980","M",""
"Summerscale, Aaron P","GM","","","ENG","2416","2429","","1969","M",""
"Sundararajan, Kidambi","GM","","","IND","2411","2402","2454","1982","M",""
"Sunye Neto, Jaime","GM","","","BRA","2486","","","1957","M","i"
"Suradiradja, Herman","GM","","","INA","2198","","","1947","M",""
"Sutovsky, Emil","GM","","","ISR","2663","2631","","1977","M",""
"Suttles, Duncan","GM","","","CAN","2420","","","1945","M","i"
"Sveshnikov, Evgeny","GM","","FST","LAT","2528","2552","2473","1950","M",""
"Svetushkin, Dmitry","GM","","","MDA","2586","2628","2483","1980","M",""
"Svidler, Peter","GM","","","RUS","2758","2787","2757","1976","M",""
"Swiercz, Dariusz","GM","","","POL","2630","2596","2585","1994","M",""
"Swinkels, Robin","GM","","","NED","2524","","","1989","M",""
"Szabo, Gergely-Andras-Gyula","GM","","FT","ROU","2552","2515","2555","1983","M",""
"Szabo, Krisztian","GM","","","HUN","2564","2580","2541","1989","M",""
"Tadic, Branko","GM","","","SRB","2505","2541","2527","1973","M",""
"Tahirov, Farhad","GM","","","AZE","2452","","","1987","M","i"
"Taimanov, Mark E","GM","","","RUS","2386","","","1926","M","i"
"Taleb, Moussa","GM","","","UAE","2406","","2295","1978","M","i"
"Talla, Vladimir","GM","","IA","CZE","2386","","","1973","M",""
"Tarjan, James E","GM","","","USA","2525","","","1952","M","i"
"Tarlev, Konstantin","GM","","","UKR","2573","2535","2562","1987","M",""
"Tazbir, Marcin","GM","","","POL","2537","2619","2513","1988","M",""
"Temirbayev, Serikbay","GM","","FA","KAZ","2364","2412","2394","1961","M",""
"Ter-Sahakyan, Samvel","GM","","","ARM","2574","","","1993","M",""
"Teske, Henrik","GM","","","GER","2533","","","1968","M",""
"Teterev, Vitaly","GM","","","BLR","2507","","","1983","M",""
"Thipsay, Praveen M","GM","","","IND","2408","2389","2389","1959","M",""
"Thorhallsson, Throstur","GM","","","ISL","2445","2452","2456","1969","M",""
"Tihonov, Jurij","GM","","","BLR","2401","2407","2448","1978","M",""
"Tikkanen, Hans","GM","","","SWE","2549","","","1985","M",""
"Timman, Jan H","GM","","","NED","2607","2592","2500","1951","M",""
"Timofeev, Artyom","GM","","","RUS","2610","2590","2574","1985","M",""
"Timoscenko, Gennadij","GM","","FST","SVK","2473","","","1949","M",""
"Timoshenko, Georgy","GM","","","UKR","2531","","","1966","M",""
"Tischbierek, Raj","GM","","","GER","2431","","2458","1962","M",""
"Tisdall, Jonathan D","GM","","","NOR","2421","","","1958","M",""
"Tishin, Petr","GM","","","RUS","2421","","","1976","M",""
"Tiviakov, Sergei","GM","","","NED","2639","2596","2689","1973","M",""
"Tkachiev, Vladislav","GM","","","FRA","2637","2673","2730","1973","M",""
"Todorcevic Antic, Miodrag","GM","","","ESP","2401","","","1940","M",""
"Todorov, Todor","GM","","","BUL","2483","","","1974","M",""
"Todorovic, Goran M","GM","","","SRB","2476","2470","","1963","M",""
"Tolnai, Tibor","GM","","","HUN","2477","","","1964","M","i"
"Tomashevsky, Evgeny","GM","","","RUS","2715","2693","2725","1987","M",""
"Tomczak, Jacek","GM","","","POL","2570","2571","2572","1990","M",""
"Topalov, Veselin","GM","","","BUL","2785","2772","2666","1975","M",""
"Torre, Eugenio","GM","","","PHI","2427","","2444","1951","M",""
"Tosic, Miroslav","GM","","","SRB","2426","2368","2367","1960","M",""
"Totsky, Leonid","GM","","","RUS","2469","2494","","1967","M","i"
"Toufighi, Homayoon","GM","","","IRI","2461","","","1990","M",""
"Trajkovic, Predrag","GM","","FT","SRB","2463","","","1970","M","i"
"Tratar, Marko","GM","","","SLO","2479","2521","","1974","M",""
"Tregubov, Pavel V.","GM","","","RUS","2625","2583","2516","1971","M",""
"Tseitlin, Mark D","GM","","","ISR","2389","2353","2341","1943","M",""
"Tu, Hoang Thong","GM","","","VIE","2428","","2488","1972","M",""
NA,NA,NA,NA,NA,NA,NA,NA,NA,NA,NA
