"Name","T","WT","Oth. T.","Fed","Rtg","Rpd","Blz","B-Year","S","F"
"Charnushevich, Aliaksei","GM","","","FRA","2511","","","1978","M",""
"Chatalbashev, Boris","GM","","","BUL","2537","","","1974","M",""
"Chekhov, Valery A","GM","","","RUS","2457","","","1955","M","i"
"Cheparinov, Ivan","GM","","","BUL","2687 (-14.1)","2710","2668","1986","M",""
"Cherniaev, Alexander","GM","","","RUS","2416","2460","2517","1969","M",""
"Chernikov, Oleg L","GM","","IA","RUS","2400","2286","2412","1936","M",""
"Chernin, Alexander","GM","","FST","HUN","2614","","","1960","M","i"
"Chernobay, Artem","GM","","","RUS","2498","2551","","1989","M",""
"Chernyshov, Konstantin","GM","","","RUS","2530 (-9.3)","2542","","1967","M",""
"Chibukhchian, Artur","GM","","","ARM","2454 (-7.5)","","","1979","M",""
"Chiburdanidze, Maia","GM","WGM","","GEO","2500","2475","2497","1961","F","i"
"Chirila, Ioan-Cristian","GM","","","ROU","2517 (-8.1)","2503","2518","1991","M",""
"Christiansen, Larry M","GM","","","USA","2584 (-1.6)","","","1956","M",""
"Chuchelov, Vladimir","GM","","FST","BEL","2553","","","1969","M",""
"Chuprov, Dmitry","GM","","","RUS","2472","","","1978","M","i"
"Cicak, Slavko","GM","","","SWE","2501","","","1969","M",""
"Cifuentes Parada, Roberto","GM","","","ESP","2452","","","1957","M",""
"Ciric, Dragoljub M","GM","","","SRB","2269","","","1935","M","i"
"Cmilyte, Viktorija","GM","WGM","","LTU","2505","2450","2532","1983","F",""
"Colovic, Aleksandar","GM","","","MKD","2503 (10.6)","","","1976","M",""
"Comas Fabrego, Lluis","GM","","","ESP","2512","","","1971","M","i"
"Conquest, Stuart C","GM","","","ENG","2490","","","1967","M",""
"Cordova, Emilio","GM","","","PER","2589","","2559","1991","M",""
"Cori, Jorge","GM","","","PER","2587 (12.6)","2471 (20.4)","2467","1995","M",""
"Cornette, Matthieu","GM","","","FRA","2570","","","1985","M",""
"Cramling, Pia","GM","","","SWE","2515","2513","2430","1963","F",""
"Crisan, Alexandru","GM","","","ROU","2588","","","1962","M","i"
"Cruz, Cristhian","GM","","","PER","2529 (14.2)","","2463","1992","M",""
"Csom, Istvan","GM","","IA","HUN","2407","","","1940","M",""
"Cuartas, Jaime Alexander","GM","","","COL","2492 (-9.2)","2492","2456","1975","M",""
"Cubas, Jose Fernando","GM","","","PAR","2486","","2538","1981","M",""
"Cvek, Robert","GM","","","CZE","2517","2525","2535","1979","M",""
"Cvitan, Ognjen","GM","","FT","CRO","2560","2536","2623","1961","M",""
"Cyborowski, Lukasz","GM","","","POL","2532","2529","","1980","M",""
"Czarnota, Pawel","GM","","","POL","2536 (0.5)","","","1988","M",""
"Czebe, Attila","GM","","","HUN","2492 (5.8)","2491","2401","1975","M",""
"Damljanovic, Branko","GM","","","SRB","2559 (10.1)","2603","","1961","M",""
"Danielian, Elina","GM","WGM","","ARM","2470","2473","2429","1978","F",""
"Danielian, Oganes","GM","","","ARM","2530","2507","2530","1974","M","i"
"Danielsen, Henrik","GM","","","ISL","2501","","","1966","M",""
"Danin, Alexandre","GM","","","RUS","2589","","","1986","M",""
"Dao, Thien Hai","GM","","FT","VIE","2500","","2506","1978","M",""
"Darga, Klaus","GM","","","GER","2453","","","1934","M","i"
"Darini, Pouria","GM","","","IRI","2535 (4.8)","2535 (8.4)","2500","1991","M",""
"Dautov, Rustem","GM","","","GER","2601","","","1965","M",""
"David, Alberto","GM","","","ITA","2591 (-17.4)","2566","2584","1970","M",""
"Davies, Nigel R","GM","","","ENG","2494","","","1960","M","i"
"De Firmian, Nick E","GM","","","USA","2509","","","1957","M",""
"De La Paz Perdomo, Frank","GM","","","CUB","2440","2455","","1975","M",""
"De La Riva Aguado, Oscar","GM","","FT","AND","2531","2537","2515","1972","M",""
"De La Villa Garcia, Jesus Maria","GM","","FST","ESP","2477 (6.5)","2477 (-26)","","1958","M",""
"De Vreugt, Dennis","GM","","","NED","2426","","2469","1980","M",""
"Deepan Chakkravarthy J.","GM","","","IND","2476","2469","2448","1987","M",""
"Degraeve, Jean-Marc","GM","","","FRA","2588","","","1971","M",""
"Del Rio De Angelis, Salvador G.","GM","","","ESP","2499 (2.7)","","","1976","M",""
"Delchev, Aleksander","GM","","","BUL","2637 (2.1)","","","1971","M",""
"Delgado Ramirez, Neuris","GM","","","PAR","2584 (2.9)","2589","2572","1981","M",""
"Demchenko, Anton","GM","","","RUS","2649","2637","","1987","M",""
"Dervishi, Erald","GM","","","ALB","2566","","","1979","M",""
"Deviatkin, Andrei","GM","","","RUS","2526","2545","2575","1980","M",""
"Dgebuadze, Alexandre","GM","","","BEL","2529","2527","2519","1971","M",""
"Diamant, Andre","GM","","","BRA","2465 (-4.3)","","2455","1990","M",""
"Dimitrov, Vladimir","GM","","","BUL","2413","","","1968","M","i"
"Ding, Liren","GM","","","CHN","2722","2688","2671","1992","M",""
"Dizdar, Goran","GM","","","CRO","2520","","","1958","M",""
"Dizdarevic, Emir","GM","","","BIH","2495","","","1958","M",""
"Djukic, Nikola","GM","","","MNE","2551 (-14.1)","2560","2563","1983","M",""
"Djurhuus, Rune","GM","","","NOR","2453","2479 (-14.4)","","1970","M",""
"Djuric, Stefan","GM","","","SRB","2440","2458","2437","1955","M",""
"Dlugy, Maxim","GM","","","USA","2524","2543","2641","1966","M",""
"Dobrov, Vladimir","GM","","","RUS","2528","2562","2559","1984","M",""
"Doettling, Fabian","GM","","","GER","2587","","","1980","M",""
"Dokhoian, Yury","GM","","","RUS","2580","","","1964","M","i"
"Dolmatov, Sergey","GM","","","RUS","2560","","","1959","M","i"
"Dominguez Perez, Leinier","GM","","","CUB","2757 (-4.3)","2758","2769","1983","M",""
"Domogaev, Sergey","GM","","","RUS","2510","2482","2462","1964","M","i"
"Donchev, Dimitar I.","GM","","","BUL","2436","","","1958","M","i"
"Dorfman, Iossif","GM","","FST","FRA","2580","","","1953","M","i"
"Dragun, Kamil","GM","","","POL","2538 (4)","2501","2445","1995","M",""
"Drasko, Milan","GM","","","MNE","2464 (-1.9)","2542","2497","1962","M",""
"Drazic, Sinisa","GM","","","SRB","2461 (-6)","2479","2486 (16.6)","1967","M",""
"Dreev, Aleksey","GM","","","RUS","2668 (2.8)","2736 (1.6)","2704 (26.8)","1969","M",""
"Drenchev, Petar","GM","","","BUL","2488","2458","2461","1977","M",""
"Drozdovskij, Yuri","GM","","","UKR","2616","","","1984","M","i"
"Dubov, Daniil","GM","","","RUS","2624 (17.4)","2591 (11.2)","2721 (-37.8)","1996","M",""
"Durarbayli, Vasif","GM","","","AZE","2567 (4)","2562 (-11.6)","2613","1992","M",""
"Dvoirys, Semen I.","GM","","","RUS","2562","2501 (7.4)","2586","1958","M",""
"Dyachkov, Sergej","GM","","","RUS","2572","","","1976","M","i"
"Dydyshko, Viacheslav","GM","","","BLR","2506","","","1949","M",""
"Dzagnidze, Nana","GM","WGM","","GEO","2556","2575","2579","1987","F",""
"Dzhakaev, Dzhakay","GM","","","RUS","2494","2483","","1980","M","i"
"Dzhumaev, Marat","GM","","","UZB","2565","2515","2407","1976","M",""
"Dzindzichashvili, Roman","GM","","","USA","2550","","","1944","M","i"
"Dziuba, Marcin","GM","","","POL","2585 (0.8)","2600 (-22.6)","2603","1983","M",""
"Edouard, Romain","GM","","","FRA","2665 (-8.2)","2632","2664","1990","M",""
"Efimenko, Zahar","GM","","","UKR","2661","2677","2714","1985","M",""
"Efimov, Igor","GM","","","MNC","2387 (-2.6)","2438","2449","1960","M",""
"Ehlvest, Jaan","GM","","","USA","2578","2620 (-58.6)","2499","1962","M",""
"Eingorn, Vereslav S","GM","","FST","UKR","2548","","","1956","M",""
"El Debs, Felipe de Cresce","GM","","","BRA","2525","2504","","1985","M",""
NA,NA,NA,NA,NA,NA,NA,NA,NA,NA,NA
