"Name","T","WT","Oth. T.","Fed","Rtg","Rpd","Blz","B-Year","S","F"
"Aagaard, Jacob","GM","","","DEN","2519","","","1973","M",""
"Abasov, Nijat","GM","","","AZE","2510","","2409","1995","M",""
"Abbasifar, Hasan","GM","","FT","IRI","2506","","","1982","M",""
"Abbasov, Farid","GM","","","AZE","2531","","","1979","M","i"
"Abdulla, Al-Rakib","GM","","","BAN","2521","2501","","1980","M",""
"Abergel, Thal","GM","","","FRA","2426","","2449","1982","M",""
"Abramovic, Bosko","GM","","FST","SRB","2426","2427","","1951","M",""
"Abreu Delgado, Aryam","GM","","","CUB","2470","2479","2462","1978","M",""
"Acs, Peter","GM","","","HUN","2569","","","1981","M",""
"Adams, Michael","GM","","","ENG","2752","2746","2715","1971","M",""
"Adhiban, B.","GM","","","IND","2569","2575","2606","1992","M",""
"Adianto, Utut","GM","","","INA","2556","","","1965","M",""
"Adly, Ahmed","GM","","","EGY","2594","2612","2608","1987","M",""
"Adorjan, Andras","GM","","IA","HUN","2504","","","1950","M","i"
"Agamaliev, Gamil","GM","","","AZE","2492","","","1974","M",""
"Agdestein, Simen","GM","","","NOR","2627","2606","2577","1967","M",""
"Agrest, Evgenij","GM","","","SWE","2587","2561","","1966","M",""
"Ajrapetjan, Yuriy","GM","","","UKR","2502","2504","","1988","M",""
"Akesson, Ralf","GM","","","SWE","2456","2436","","1961","M",""
"Akobian, Varuzhan","GM","","","USA","2625","","2653","1983","M",""
"Akopian, Vladimir","GM","","","ARM","2681","2684","2654","1971","M",""
"Akshayraj, Kore","GM","","","IND","2481","2485","2450","1988","M",""
"Al-Modiahki, Mohamad","GM","","","QAT","2571","2540","2564","1974","M",""
"AL-Sayed, Mohammed","GM","","","QAT","2491","2522","2398","1981","M",""
"Alavkin, Arseny","GM","","","RUS","2413","2469","2481","1969","M",""
"Alburt, Lev O","GM","","FST","USA","2539","","2521","1945","M",""
"Aleksandrov, Aleksej","GM","","","BLR","2586","2568","2563","1973","M",""
"Alekseev, Evgeny","GM","","","RUS","2698","2636","2656","1985","M",""
"Almasi, Zoltan","GM","","","HUN","2710","","","1976","M",""
"Almeida Quintana, Omar","GM","","","CUB","2489","2475","2509","1981","M",""
"Alonso Rosell, Alvar","GM","","","ESP","2531","2506","","1992","M",""
"Alonso, Salvador","GM","","","ARG","2503","2544","2545","1974","M",""
"Alsina Leal, Daniel","GM","","","ESP","2538","2523","2451","1988","M",""
"Alterman, Boris","GM","","","ISR","2588","","","1970","M",""
"Alvarez Pedraza, Aramis","GM","","","CUB","2480","","2541","1988","M",""
"Amanov, Mesgen","GM","","","TKM","2467","","2521","1986","M",""
"Amin, Bassem","GM","","","EGY","2652","2623","2632","1988","M",""
"Amonatov, Farrukh","GM","","","TJK","2616","","2637","1978","M",""
"Anagnostopoulos, Dimitri","GM","","","GRE","2456","","","1970","M","i"
"Anand, Viswanathan","GM","","","IND","2775","2794","2827","1969","M",""
"Anastasian, Ashot","GM","","","ARM","2540","","","1964","M","i"
"Andersson, Ulf","GM","","","SWE","2559","","2526","1951","M",""
"Andreev, Eduard","GM","","","UKR","2508","2470","2446","1980","M",""
"Andreikin, Dmitry","GM","","","RUS","2710","2773","2716","1990","M",""
"Andriasian, Zaven","GM","","","ARM","2610","2592","2640","1989","M",""
"Anic, Darko","GM","","","FRA","2413","","","1957","M",""
"Anka, Emil","GM","","IA","HUN","2382","","","1969","M","i"
"Annageldyev, Orazly","GM","","","TKM","2374","","2369","1960","M",""
"Annakov, Babakuli","GM","","","USA","2429","","","1972","M","i"
"Antal, Gergely","GM","","","HUN","2516","","","1985","M",""
"Antic, Dejan","GM","","","SRB","2465","2456","","1968","M",""
"Antipov, Mikhail Al.","GM","","","RUS","2511","2585","2517","1997","M",""
"Anton Guijarro, David","GM","","","ESP","2553","2593","2543","1995","M",""
"Antoniewski, Rafal","GM","","","POL","2550","","2569","1980","M",""
"Antonio, Rogelio Jr","GM","","","PHI","2517","2517","2487","1962","M",""
"Antunes, Antonio","GM","","","POR","2496","","","1962","M","i"
"Apicella, Manuel","GM","","","FRA","2514","","","1970","M",""
"Appel, Ralf","GM","","","GER","2530","","","1971","M",""
"Arakhamia-Grant, Ketevan","GM","WGM","","SCO","2388","2440","2403","1968","F",""
"Ardiansyah, H","GM","","","INA","2380","","","1951","M",""
"Arencibia Rodriguez, Walter","GM","","FT","CUB","2501","","","1967","M",""
"Areshchenko, Alexander","GM","","","UKR","2720","2684","2697","1986","M",""
"Arizmendi Martinez, Julen Luis","GM","","","ESP","2549","2553","","1976","M",""
"Arkell, Keith C","GM","","","ENG","2437","2404","2456","1961","M",""
"Arkhipov, Sergey","GM","","FST","RUS","2507","","","1954","M","i"
"Arnason, Jon L","GM","","","ISL","2499","","2469","1960","M",""
"Arnaudov, G. Petar","GM","","","BUL","2448","2414","","1986","M",""
"Arnold, Marc T","GM","","","USA","2524","","","1992","M",""
"Aronian, Levon","GM","","","ARM","2801","2797","2817","1982","M",""
"Aroshidze, Levan","GM","","","GEO","2565","","","1985","M",""
"Arun Prasad, S.","GM","","","IND","2529","2486","2514","1988","M",""
"Arutinian, David","GM","","","GEO","2537","2533","2566","1984","M",""
"Arzumanian, Georgy","GM","","","ARM","2496","","2472","1980","M","i"
"Asanov, Bolat","GM","","IA,FST","KAZ","2421","","2303","1961","M",""
"Ashley, Maurice","GM","","","USA","2446","","","1966","M",""
"Askarov, Marat","GM","","","RUS","2467","2320","","1987","M",""
"Atalik, Suat","GM","","","TUR","2572","2566","","1964","M",""
"Averbakh, Yuri L","GM","","IA","RUS","2445","","","1922","M","i"
"Aveskulov, Valeriy","GM","","","UKR","2529","","","1986","M",""
"Avrukh, Boris","GM","","","ISR","2573","2601","2683","1978","M",""
"Azarov, Sergei","GM","","","BLR","2616","2666","2614","1983","M",""
"Azmaiparashvili, Zurab","GM","","FST,IO","GEO","2637","","","1960","M","i"
"Babaev, Rashad","GM","","","AZE","2525","","","1981","M",""
"Babujian, Levon","GM","","","ARM","2510","","2454","1986","M",""
"Babula, Vlastimil","GM","","","CZE","2574","","2525","1973","M",""
"Baburin, Alexander","GM","","","IRL","2503","","2485","1967","M",""
"Bacallao Alonso, Yusnel","GM","","","CUB","2519","","2602","1988","M",""
"Bachmann, Axel","GM","","","PAR","2545","","","1989","M",""
"Bacrot, Etienne","GM","","","FRA","2749","2692","2744","1983","M",""
"Badea, Bela","GM","","","ROU","2491","2483","2438","1969","M","i"
"Bagaturov, Giorgi","GM","","","GEO","2408","","","1964","M",""
"Bagheri, Amir","GM","","","IRI","2412","","","1978","M",""
"Bagirov, Rufat","GM","","","AZE","2461","","","1979","M","i"
"Bajarani, Ulvi","GM","","","AZE","2500","2474","2440","1995","M",""
"Baklan, Vladimir","GM","","","UKR","2627","","2608","1978","M",""
"Bakre, Tejas","GM","","","IND","2455","2507","2411","1981","M",""
"Balashov, Yuri S","GM","","","RUS","2440","2422","2506","1949","M",""
"Balinov, Ilia","GM","","","AUT","2478","","","1966","M","i"
"Balog, Imre","GM","","","HUN","2539","2572","2531","1991","M",""
"Balogh, Csaba","GM","","","HUN","2630","","2654","1987","M",""
NA,NA,NA,NA,NA,NA,NA,NA,NA,NA,NA
