Bureau of Justice Statistics,,,,,
Filename: htus8008t12.csv,,,,,
Report title: Homicide Trends in United States,,,,,
Data source: Supplementary Homicide Report,,,,,
Authors: Erica Smith and Alexia Cooper,,,,,
Refer questions to: askbjs@usdoj.gov (202) 307-0765,,,,,
Date of version: 11/16/11,,,,,
,,,,,
"Table 12. Homicides involving single or multiple victims or offenders, 1980-2008",,,,,
,,,,,
,Offenders,,,,
,Single,,,Multiple,
Victims,Number,Percent,,Number,Percent
Single,"437,289",81%,,"82,013",15%
Multiple,"15,601",3%,,"4,929",1%
,,,,,
"Note: Of the 539,832 homicide incidents between 1980 and 2008, data on the number of victims and the number of offenders involved were known for 69.1% of incidents.",,,,,
